,id,type,attributes.channel,attributes.completedAt,attributes.createdAt,attributes.firstEnterQueueAt,attributes.hasSkills,attributes.itemSize,attributes.modifiedAt,attributes.paused,attributes.priority,attributes.queuedCount,attributes.resourceCreatedAt,attributes.resourceDirection,attributes.resourceFirstAssignTime,attributes.resourceFirstQueueTime,attributes.resourceFirstRouteTime,attributes.resourceRev,attributes.resourceType,attributes.rev,attributes.skills,attributes.status,attributes.updatedAt,attributes.workItemNumber,links.self,attributes.firstRoutedResponse.businessTime,attributes.firstRoutedResponse.createdAt,attributes.firstRoutedResponse.id,attributes.firstRoutedResponse.time,attributes.handle.businessTime,attributes.handle.completedAt,attributes.handle.time,attributes.ivr.businessTime,attributes.ivr.time,attributes.lastRevision.acceptedAt,attributes.lastRevision.enteredQueueAt,attributes.lastRevision.queueBusinessTime,attributes.lastRevision.queueTime,attributes.lastRevision.routedAt,attributes.resource.id,attributes.resource.lastMessageUnrespondedToSentAt,attributes.resource.priority,attributes.resource.status,attributes.resource.sla.breachAt,relationships.acceptedBy.data.id,relationships.acceptedBy.data.type,relationships.acceptedBy.links.self,relationships.assignedTo.data.id,relationships.assignedTo.data.type,relationships.assignedTo.links.self,relationships.lastRevision.data.id,relationships.lastRevision.data.type,relationships.modifiedBy.data.id,relationships.modifiedBy.data.type,relationships.modifiedBy.links.self,relationships.org.data.id,relationships.org.data.type,relationships.org.links.self,relationships.queue.data.id,relationships.queue.data.type,relationships.queue.links.self,relationships.resource.data.id,relationships.resource.data.type,relationships.routedTo.data.id,relationships.routedTo.data.type,relationships.routedTo.links.self,relationships.routedToSession.data.id,relationships.routedToSession.data.type,relationships.routedToSession.links.self,relationships.rule.data.id,relationships.rule.data.type,relationships.rule.links.self,relationships.team.data.id,relationships.team.data.type,relationships.team.links.self,relationships.workSession.data.id,relationships.workSession.data.type,relationships.workSession.links.self
0,6434357279f349fac718d178,work_item,form,2023-04-12T13:16:49.044Z,2023-04-10T16:12:34.751Z,2023-04-10T16:12:35.001Z,False,1,2023-04-11T14:37:39.098Z,False,1,1,2023-04-10T16:12:33.481Z,in,80705617.0,1520.0,80704935.0,21,conversation,13,,completed,2023-04-12T13:16:49.044Z,1,/v1/routing/work-items/6434357279f349fac718d178,34711093.0,2023-04-12T13:15:31.093Z,6436aeca971ecd6ef1a8ab84,81471995.0,34789044,2023-04-12T13:16:49.044Z,81549946,0.0,0.0,2023-04-11T14:37:39.098Z,2023-04-10T16:12:35.001Z,33938416.0,80703415.0,2023-04-11T14:37:38.416Z,64343571e578f425439b2e0c,2023-04-10T16:12:33.649Z,3,open,,5ffde07a49d6e61e21ea0cf2,user,/v1/users/5ffde07a49d6e61e21ea0cf2,5ffde07a49d6e61e21ea0cf2,user,/v1/users/5ffde07a49d6e61e21ea0cf2,6434357279f349375218d179,work_item_revision,5ffde07a49d6e61e21ea0cf2,user,/v1/users/5ffde07a49d6e61e21ea0cf2,5fedee827daf2cfe1a83e9ce,org,/v1/orgs/5fedee827daf2cfe1a83e9ce,61f963c79cbd8a00bb1bd5a3,queue,/v1/routing/queues/61f963c79cbd8a00bb1bd5a3,64343571e578f425439b2e0c,conversation,5ffde07a49d6e61e21ea0cf2,user,/v1/users/5ffde07a49d6e61e21ea0cf2,643554ea83ba86295abcc0ff,work_session,/v1/routing/work-sessions/643554ea83ba86295abcc0ff,61f963e39cbd8a24671bd954,queue-rule,/v1/routing/queue-rules/61f963e39cbd8a24671bd954,5ffde0f95859ac663c8f4d23,team,/v1/teams/5ffde0f95859ac663c8f4d23,6436a54356da7e1f7d450cba,work_session,/v1/routing/work-sessions/6436a54356da7e1f7d450cba
1,6436aa782fee013f4082adfe,work_item,email,2023-04-12T13:16:45.840Z,2023-04-12T12:56:24.725Z,2023-04-12T12:56:25.029Z,False,1,2023-04-12T12:56:24.732Z,False,1,1,2023-04-12T12:56:22.863Z,in,,2166.0,,15,conversation,4,,completed,2023-04-12T13:16:45.840Z,1,/v1/routing/work-items/6436aa782fee013f4082adfe,,,,,132876,2023-04-12T13:16:45.840Z,132876,0.0,0.0,2023-04-12T13:14:32.964Z,2023-04-12T12:56:25.029Z,847935.0,1087935.0,,6436aa7662fdf64abfb2e083,2023-04-12T12:56:22.998Z,2,open,,6217eb36e81f58ddd0b52ede,user,/v1/users/6217eb36e81f58ddd0b52ede,6217eb36e81f58ddd0b52ede,user,/v1/users/6217eb36e81f58ddd0b52ede,6436aa782fee01697382adff,work_item_revision,,,,5fedee827daf2cfe1a83e9ce,org,/v1/orgs/5fedee827daf2cfe1a83e9ce,5fedee85dfe5ce001a76a36e,queue,/v1/routing/queues/5fedee85dfe5ce001a76a36e,6436aa7662fdf64abfb2e083,conversation,,,,,,,,,,62042f756e39c33c269f724a,team,/v1/teams/62042f756e39c33c269f724a,6436ab67caa074554209a886,work_session,/v1/routing/work-sessions/6436ab67caa074554209a886
2,6436aefde878140e4367004b,work_item,email,2023-04-12T13:16:39.299Z,2023-04-12T13:15:41.905Z,,False,1,2023-04-12T13:15:41.916Z,False,1,0,2023-04-12T13:15:29.697Z,out,,,,8,conversation,2,,completed,2023-04-12T13:16:39.299Z,1,/v1/routing/work-items/6436aefde878140e4367004b,,,,,57394,2023-04-12T13:16:39.299Z,57394,,,2023-04-12T13:15:41.905Z,,,,,6436aef162fdf60ccbb3919a,,3,open,,60e8626b4c9be9001b1ce9f2,user,/v1/users/60e8626b4c9be9001b1ce9f2,60e8626b4c9be9001b1ce9f2,user,/v1/users/60e8626b4c9be9001b1ce9f2,6436aefde8781477fc67004c,work_item_revision,,,,5fedee827daf2cfe1a83e9ce,org,/v1/orgs/5fedee827daf2cfe1a83e9ce,,,,6436aef162fdf60ccbb3919a,conversation,,,,,,,,,,6112a88d43eabc00121c3cfc,team,/v1/teams/6112a88d43eabc00121c3cfc,6436a4b816e31c4f4bc0bce5,work_session,/v1/routing/work-sessions/6436a4b816e31c4f4bc0bce5
3,6435f6b0099b9966506c6f05,work_item,email,2023-04-12T13:16:23.720Z,2023-04-12T00:09:20.151Z,2023-04-12T00:09:20.464Z,False,1,2023-04-12T12:46:26.455Z,False,1,1,2023-04-12T00:09:18.881Z,in,45427574.0,1583.0,45425872.0,14,conversation,5,,completed,2023-04-12T13:16:23.720Z,1,/v1/routing/work-items/6435f6b0099b9966506c6f05,,,,,957265,2023-04-12T13:16:23.720Z,1797265,0.0,0.0,2023-04-12T12:46:26.447Z,2023-04-12T00:09:20.464Z,0.0,45424289.0,2023-04-12T12:46:24.753Z,6435f6ae913d249b8772dd9c,2023-04-12T00:09:15.000Z,3,open,2023-04-13T14:00:00.000Z,60e8626b4c9be9001b1ce9f2,user,/v1/users/60e8626b4c9be9001b1ce9f2,60e8626b4c9be9001b1ce9f2,user,/v1/users/60e8626b4c9be9001b1ce9f2,6435f6b0099b992e7c6c6f06,work_item_revision,60e8626b4c9be9001b1ce9f2,user,/v1/users/60e8626b4c9be9001b1ce9f2,5fedee827daf2cfe1a83e9ce,org,/v1/orgs/5fedee827daf2cfe1a83e9ce,60a8223b62688b001951ac46,queue,/v1/routing/queues/60a8223b62688b001951ac46,6435f6ae913d249b8772dd9c,conversation,60e8626b4c9be9001b1ce9f2,user,/v1/users/60e8626b4c9be9001b1ce9f2,6436a4b816e31c4f4bc0bce5,work_session,/v1/routing/work-sessions/6436a4b816e31c4f4bc0bce5,60a8228c84ec8b0019c74cfe,queue-rule,/v1/routing/queue-rules/60a8228c84ec8b0019c74cfe,6112a88d43eabc00121c3cfc,team,/v1/teams/6112a88d43eabc00121c3cfc,6436a4b816e31c4f4bc0bce5,work_session,/v1/routing/work-sessions/6436a4b816e31c4f4bc0bce5
4,6436af148c19a129be763ab8,work_item,,2023-04-12T13:16:22.179Z,2023-04-12T13:16:04.190Z,,False,1,2023-04-12T13:16:04.204Z,False,1,0,2023-04-12T13:14:17.291Z,in,,,,8,conversation,2,,completed,2023-04-12T13:16:22.179Z,1,/v1/routing/work-items/6436af148c19a129be763ab8,,,,,17989,2023-04-12T13:16:22.179Z,17989,,,2023-04-12T13:16:04.190Z,,,,,6436aea9e990e24bfa0251ee,,3,open,,63bc31ec970345b72dd44103,user,/v1/users/63bc31ec970345b72dd44103,63bc31ec970345b72dd44103,user,/v1/users/63bc31ec970345b72dd44103,6436af148c19a14ab5763ab9,work_item_revision,,,,5fedee827daf2cfe1a83e9ce,org,/v1/orgs/5fedee827daf2cfe1a83e9ce,,,,6436aea9e990e24bfa0251ee,conversation,,,,,,,,,,5ffde0fa457cefe8874aa6eb,team,/v1/teams/5ffde0fa457cefe8874aa6eb,6436ab6914b98ae6cdb2489d,work_session,/v1/routing/work-sessions/6436ab6914b98ae6cdb2489d
5,64356f85c7fe7d6f05989a12,work_item,email,2023-04-12T13:15:18.445Z,2023-04-11T14:32:37.534Z,2023-04-11T14:32:37.842Z,False,1,2023-04-12T13:09:15.011Z,False,1,1,2023-04-11T14:32:36.265Z,in,81398746.0,1577.0,81397750.0,13,conversation,5,,completed,2023-04-12T13:15:18.445Z,1,/v1/routing/work-items/64356f85c7fe7d6f05989a12,,,,,363434,2023-04-12T13:15:18.445Z,363434,0.0,0.0,2023-04-12T13:09:15.011Z,2023-04-11T14:32:37.842Z,34634015.0,81396173.0,2023-04-12T13:09:14.015Z,64356f84913d249b87de9024,2023-04-11T14:32:21.000Z,3,open,2023-04-12T15:32:36.265Z,628552806a7a22521e23ff0c,user,/v1/users/628552806a7a22521e23ff0c,628552806a7a22521e23ff0c,user,/v1/users/628552806a7a22521e23ff0c,64356f85c7fe7d4211989a13,work_item_revision,628552806a7a22521e23ff0c,user,/v1/users/628552806a7a22521e23ff0c,5fedee827daf2cfe1a83e9ce,org,/v1/orgs/5fedee827daf2cfe1a83e9ce,5fedee85dfe5ce001a76a36e,queue,/v1/routing/queues/5fedee85dfe5ce001a76a36e,64356f84913d249b87de9024,conversation,628552806a7a22521e23ff0c,user,/v1/users/628552806a7a22521e23ff0c,6436aba1b329d8dc53fb19da,work_session,/v1/routing/work-sessions/6436aba1b329d8dc53fb19da,,,,62b0bb809e08d9f129c18bee,team,/v1/teams/62b0bb809e08d9f129c18bee,6436aba1b329d8dc53fb19da,work_session,/v1/routing/work-sessions/6436aba1b329d8dc53fb19da
6,6436aed6af9b35b78787f6bc,work_item,email,2023-04-12T13:15:07.409Z,2023-04-12T13:15:02.951Z,2023-04-12T13:15:02.951Z,False,1,2023-04-12T13:15:02.961Z,False,1,0,2023-04-12T13:14:32.452Z,out,,,,6,conversation,2,,completed,2023-04-12T13:15:07.409Z,1,/v1/routing/work-items/6436aed6af9b35b78787f6bc,,,,,4458,2023-04-12T13:15:07.409Z,4458,,,2023-04-12T13:15:02.951Z,2023-04-12T13:15:02.951Z,,,,6436aeb88020be2b3b8657cc,,3,open,,60e8626b4c9be9001b1ce9f2,user,/v1/users/60e8626b4c9be9001b1ce9f2,60e8626b4c9be9001b1ce9f2,user,/v1/users/60e8626b4c9be9001b1ce9f2,6436aed6af9b35036d87f6bd,work_item_revision,,,,5fedee827daf2cfe1a83e9ce,org,/v1/orgs/5fedee827daf2cfe1a83e9ce,605103bbf170c200128d6a2f,queue,/v1/routing/queues/605103bbf170c200128d6a2f,6436aeb88020be2b3b8657cc,conversation,,,,,,,,,,6112a88d43eabc00121c3cfc,team,/v1/teams/6112a88d43eabc00121c3cfc,6436a4b816e31c4f4bc0bce5,work_session,/v1/routing/work-sessions/6436a4b816e31c4f4bc0bce5
7,6436acddb329d857ddfb3412,work_item,voice,2023-04-12T13:14:49.816Z,2023-04-12T13:06:37.803Z,2023-04-12T13:06:38.104Z,False,1,2023-04-12T13:06:37.811Z,False,5,1,2023-04-12T13:06:36.586Z,in,,1518.0,,14,conversation,4,,completed,2023-04-12T13:14:49.816Z,1,/v1/routing/work-items/6436acddb329d857ddfb3412,,,,,428103,2023-04-12T13:14:49.816Z,428103,0.0,0.0,2023-04-12T13:07:41.713Z,2023-04-12T13:06:38.104Z,63609.0,63609.0,,6436acdca046f8555c89a12e,2023-04-12T13:06:36.389Z,3,open,,640a0c44824a4dd7b6dbb100,user,/v1/users/640a0c44824a4dd7b6dbb100,640a0c44824a4dd7b6dbb100,user,/v1/users/640a0c44824a4dd7b6dbb100,6436acddb329d82219fb3413,work_item_revision,,,,5fedee827daf2cfe1a83e9ce,org,/v1/orgs/5fedee827daf2cfe1a83e9ce,603ac6f4bb376400199ae17f,queue,/v1/routing/queues/603ac6f4bb376400199ae17f,6436acdca046f8555c89a12e,conversation,,,,,,,603ac6a0c21eac001a097fea,queue-rule,/v1/routing/queue-rules/603ac6a0c21eac001a097fea,5ffde0fa457cefe8874aa6eb,team,/v1/teams/5ffde0fa457cefe8874aa6eb,6436ab6e71dda35ffa211c22,work_session,/v1/routing/work-sessions/6436ab6e71dda35ffa211c22
8,6436ad1fc576e37185989ae8,work_item,voice,2023-04-12T13:14:42.452Z,2023-04-12T13:07:43.227Z,2023-04-12T13:07:43.624Z,False,1,2023-04-12T13:07:43.243Z,False,5,1,2023-04-12T13:07:42.136Z,in,,1488.0,,13,conversation,4,,completed,2023-04-12T13:14:42.452Z,1,/v1/routing/work-items/6436ad1fc576e37185989ae8,,,,,355875,2023-04-12T13:14:42.452Z,355875,0.0,0.0,2023-04-12T13:08:46.577Z,2023-04-12T13:07:43.624Z,62953.0,62953.0,,6436ad1ed7da5f8b776d8aa9,2023-04-12T13:07:41.852Z,3,open,,6217ebefb5aeec2253d0f825,user,/v1/users/6217ebefb5aeec2253d0f825,6217ebefb5aeec2253d0f825,user,/v1/users/6217ebefb5aeec2253d0f825,6436ad1fc576e34982989ae9,work_item_revision,,,,5fedee827daf2cfe1a83e9ce,org,/v1/orgs/5fedee827daf2cfe1a83e9ce,603ac6f4bb376400199ae17f,queue,/v1/routing/queues/603ac6f4bb376400199ae17f,6436ad1ed7da5f8b776d8aa9,conversation,,,,,,,603ac6a0c21eac001a097fea,queue-rule,/v1/routing/queue-rules/603ac6a0c21eac001a097fea,,,,,,
9,6436ae0ad969ba56d12e57da,work_item,voice,2023-04-12T13:14:34.507Z,2023-04-12T13:11:38.963Z,2023-04-12T13:11:39.220Z,False,1,2023-04-12T13:11:38.970Z,False,5,1,2023-04-12T13:11:37.616Z,in,,1604.0,,12,conversation,4,,completed,2023-04-12T13:14:34.507Z,1,/v1/routing/work-items/6436ae0ad969ba56d12e57da,,,,,106129,2023-04-12T13:14:34.507Z,106129,0.0,0.0,2023-04-12T13:12:48.378Z,2023-04-12T13:11:39.220Z,69158.0,69158.0,,6436ae09ccc6707bed237944,2023-04-12T13:11:37.367Z,3,open,,640a0c3d4829313aaf0cebb7,user,/v1/users/640a0c3d4829313aaf0cebb7,640a0c3d4829313aaf0cebb7,user,/v1/users/640a0c3d4829313aaf0cebb7,6436ae0ad969ba75f82e57db,work_item_revision,,,,5fedee827daf2cfe1a83e9ce,org,/v1/orgs/5fedee827daf2cfe1a83e9ce,603ac6f4bb376400199ae17f,queue,/v1/routing/queues/603ac6f4bb376400199ae17f,6436ae09ccc6707bed237944,conversation,,,,,,,603ac6a0c21eac001a097fea,queue-rule,/v1/routing/queue-rules/603ac6a0c21eac001a097fea,5ffde0fa457cefe8874aa6eb,team,/v1/teams/5ffde0fa457cefe8874aa6eb,6436ab5e954b04b833941c5f,work_session,/v1/routing/work-sessions/6436ab5e954b04b833941c5f
10,6436aa2e807a071a6f1e35b5,work_item,email,2023-04-12T13:14:13.250Z,2023-04-12T12:55:10.633Z,2023-04-12T12:55:10.879Z,False,1,2023-04-12T12:55:10.642Z,False,1,1,2023-04-12T12:55:08.625Z,in,,2254.0,,16,conversation,4,,completed,2023-04-12T13:14:13.250Z,1,/v1/routing/work-items/6436aa2e807a071a6f1e35b5,,,,,103214,2023-04-12T13:14:13.250Z,103214,0.0,0.0,2023-04-12T13:12:30.036Z,2023-04-12T12:55:10.879Z,739157.0,1039157.0,,6436aa2c913d249b87f95247,2023-04-12T12:54:54.000Z,3,open,2023-04-13T14:00:00.000Z,6217eb36e81f58ddd0b52ede,user,/v1/users/6217eb36e81f58ddd0b52ede,6217eb36e81f58ddd0b52ede,user,/v1/users/6217eb36e81f58ddd0b52ede,6436aa2e807a076f221e35b6,work_item_revision,,,,5fedee827daf2cfe1a83e9ce,org,/v1/orgs/5fedee827daf2cfe1a83e9ce,5fedee85dfe5ce001a76a36e,queue,/v1/routing/queues/5fedee85dfe5ce001a76a36e,6436aa2c913d249b87f95247,conversation,,,,,,,,,,62042f756e39c33c269f724a,team,/v1/teams/62042f756e39c33c269f724a,6436ab67caa074554209a886,work_session,/v1/routing/work-sessions/6436ab67caa074554209a886
11,6436aba9dca4b24fabc492c4,work_item,voice,2023-04-12T13:13:42.875Z,2023-04-12T13:01:29.297Z,2023-04-12T13:01:29.594Z,False,1,2023-04-12T13:01:29.305Z,False,5,1,2023-04-12T13:01:13.357Z,in,,16237.0,,13,conversation,4,,completed,2023-04-12T13:13:42.875Z,1,/v1/routing/work-items/6436aba9dca4b24fabc492c4,,,,,679649,2023-04-12T13:13:42.875Z,679649,0.0,0.0,2023-04-12T13:02:23.226Z,2023-04-12T13:01:29.594Z,53632.0,53632.0,,6436ab9917a0efe071b7e397,2023-04-12T13:01:13.021Z,3,open,,60ba5ad72bdecf0019325e98,user,/v1/users/60ba5ad72bdecf0019325e98,60ba5ad72bdecf0019325e98,user,/v1/users/60ba5ad72bdecf0019325e98,6436aba9dca4b2c06ec492c5,work_item_revision,,,,5fedee827daf2cfe1a83e9ce,org,/v1/orgs/5fedee827daf2cfe1a83e9ce,603ac6f4bb376400199ae17f,queue,/v1/routing/queues/603ac6f4bb376400199ae17f,6436ab9917a0efe071b7e397,conversation,,,,,,,603ac6a0c21eac001a097fea,queue-rule,/v1/routing/queue-rules/603ac6a0c21eac001a097fea,5ffde0fc10678c588de6a51e,team,/v1/teams/5ffde0fc10678c588de6a51e,6436a8495a54979bfe3eaec7,work_session,/v1/routing/work-sessions/6436a8495a54979bfe3eaec7
12,6435677f16c0490fd2dd810e,work_item,email,2023-04-12T13:13:25.690Z,2023-04-11T13:58:23.275Z,2023-04-11T13:58:23.626Z,False,1,2023-04-12T12:59:46.409Z,False,1,1,2023-04-11T13:58:21.671Z,in,82884738.0,1955.0,82884338.0,13,conversation,5,,completed,2023-04-12T13:13:25.690Z,1,/v1/routing/work-items/6435677f16c0490fd2dd810e,,,,,759281,2023-04-12T13:13:25.690Z,819281,0.0,0.0,2023-04-12T12:59:46.409Z,2023-04-11T13:58:23.626Z,36120000.0,82882383.0,2023-04-12T12:59:46.009Z,6435677d913d249b87633ec1,2023-04-11T13:58:06.000Z,3,open,2023-04-12T14:58:21.671Z,62855369a0ab6cb58b4d3615,user,/v1/users/62855369a0ab6cb58b4d3615,62855369a0ab6cb58b4d3615,user,/v1/users/62855369a0ab6cb58b4d3615,6435677f16c0490cb7dd810f,work_item_revision,62855369a0ab6cb58b4d3615,user,/v1/users/62855369a0ab6cb58b4d3615,5fedee827daf2cfe1a83e9ce,org,/v1/orgs/5fedee827daf2cfe1a83e9ce,5fedee85dfe5ce001a76a36e,queue,/v1/routing/queues/5fedee85dfe5ce001a76a36e,6435677d913d249b87633ec1,conversation,62855369a0ab6cb58b4d3615,user,/v1/users/62855369a0ab6cb58b4d3615,6436ab4155e2a82a70ab1e94,work_session,/v1/routing/work-sessions/6436ab4155e2a82a70ab1e94,,,,62b0bb809e08d9f129c18bee,team,/v1/teams/62b0bb809e08d9f129c18bee,6436ab4155e2a82a70ab1e94,work_session,/v1/routing/work-sessions/6436ab4155e2a82a70ab1e94
13,642dcb3185509c588a26fad7,work_item,email,2023-04-12T13:12:58.746Z,2023-04-05T19:25:37.355Z,,False,1,2023-04-05T19:25:37.368Z,False,1,0,2023-04-05T19:21:57.148Z,out,,,,10,conversation,6,,completed,2023-04-12T13:12:58.746Z,1,/v1/routing/work-items/642dcb3185509c588a26fad7,,,,,175678746,2023-04-12T13:12:58.746Z,582441391,,,2023-04-05T19:25:37.355Z,,,,,642dca55ab9d2561cf69dca2,,3,snoozed,,5ffde0706636fa24aea5e3f7,user,/v1/users/5ffde0706636fa24aea5e3f7,5ffde0706636fa24aea5e3f7,user,/v1/users/5ffde0706636fa24aea5e3f7,642dcb3185509cdd4926fad8,work_item_revision,,,,5fedee827daf2cfe1a83e9ce,org,/v1/orgs/5fedee827daf2cfe1a83e9ce,,,,642dca55ab9d2561cf69dca2,conversation,,,,,,,,,,6019bc0fcdf3b5fc167e6fc4,team,/v1/teams/6019bc0fcdf3b5fc167e6fc4,64369ad61592c91b1db2f757,work_session,/v1/routing/work-sessions/64369ad61592c91b1db2f757
14,643416204523f3dfa378199f,work_item,email,2023-04-12T13:12:23.593Z,2023-04-10T13:58:56.567Z,2023-04-10T13:58:56.971Z,False,1,2023-04-11T20:54:25.954Z,False,2,1,2023-04-10T13:58:55.288Z,in,111330666.0,1683.0,111330049.0,11,conversation,6,,completed,2023-04-12T13:12:23.593Z,1,/v1/routing/work-items/643416204523f3dfa378199f,,,,,11903593,2023-04-12T13:12:23.593Z,58677639,0.0,0.0,2023-04-11T20:54:25.954Z,2023-04-10T13:58:56.971Z,64585337.0,111328366.0,2023-04-11T20:54:25.337Z,6434161f913d249b87c43f4e,2023-04-10T13:58:51.000Z,3,open,2023-04-11T14:58:55.288Z,60a81854066183001a71a4b6,user,/v1/users/60a81854066183001a71a4b6,60a81854066183001a71a4b6,user,/v1/users/60a81854066183001a71a4b6,643416204523f37ee77819a0,work_item_revision,60a81854066183001a71a4b6,user,/v1/users/60a81854066183001a71a4b6,5fedee827daf2cfe1a83e9ce,org,/v1/orgs/5fedee827daf2cfe1a83e9ce,606612f8021c8100196b2068,queue,/v1/routing/queues/606612f8021c8100196b2068,6434161f913d249b87c43f4e,conversation,60a81854066183001a71a4b6,user,/v1/users/60a81854066183001a71a4b6,643553b77607343665d82d3e,work_session,/v1/routing/work-sessions/643553b77607343665d82d3e,606613667fea82001a588081,queue-rule,/v1/routing/queue-rules/606613667fea82001a588081,6112a88d43eabc00121c3cfc,team,/v1/teams/6112a88d43eabc00121c3cfc,6436a4d4caa07473e3093a73,work_session,/v1/routing/work-sessions/6436a4d4caa07473e3093a73
15,6436abbb440949f933c26999,work_item,email,2023-04-12T13:12:14.757Z,2023-04-12T13:01:47.932Z,2023-04-12T13:01:48.265Z,False,1,2023-04-12T13:01:47.938Z,False,1,1,2023-04-12T13:01:46.363Z,in,,1902.0,,18,conversation,4,,completed,2023-04-12T13:12:14.757Z,1,/v1/routing/work-items/6436abbb440949f933c26999,,,,,282419,2023-04-12T13:12:14.757Z,282419,0.0,0.0,2023-04-12T13:07:32.338Z,2023-04-12T13:01:48.265Z,344073.0,344073.0,,6436abba62fdf63409b3118c,2023-04-12T13:01:46.565Z,2,open,,6217eb36e81f58ddd0b52ede,user,/v1/users/6217eb36e81f58ddd0b52ede,6217eb36e81f58ddd0b52ede,user,/v1/users/6217eb36e81f58ddd0b52ede,6436abbb440949734bc2699a,work_item_revision,,,,5fedee827daf2cfe1a83e9ce,org,/v1/orgs/5fedee827daf2cfe1a83e9ce,5fedee85dfe5ce001a76a36e,queue,/v1/routing/queues/5fedee85dfe5ce001a76a36e,6436abba62fdf63409b3118c,conversation,,,,,,,,,,62042f756e39c33c269f724a,team,/v1/teams/62042f756e39c33c269f724a,6436ab67caa074554209a886,work_session,/v1/routing/work-sessions/6436ab67caa074554209a886
16,6436ac6655e2a882b5ab3bda,work_item,voice,2023-04-12T13:11:53.936Z,2023-04-12T13:04:38.362Z,2023-04-12T13:04:38.612Z,False,1,2023-04-12T13:04:38.372Z,False,5,1,2023-04-12T13:04:37.065Z,in,,1547.0,,14,conversation,4,,completed,2023-04-12T13:11:53.936Z,1,/v1/routing/work-items/6436ac6655e2a882b5ab3bda,,,,,372266,2023-04-12T13:11:53.936Z,372266,0.0,0.0,2023-04-12T13:05:41.670Z,2023-04-12T13:04:38.612Z,63058.0,63058.0,,6436ac653ce4a701ed6768c7,2023-04-12T13:04:36.822Z,3,open,,6398b8398a326c2c3480abc9,user,/v1/users/6398b8398a326c2c3480abc9,6398b8398a326c2c3480abc9,user,/v1/users/6398b8398a326c2c3480abc9,6436ac6655e2a848e8ab3bdb,work_item_revision,,,,5fedee827daf2cfe1a83e9ce,org,/v1/orgs/5fedee827daf2cfe1a83e9ce,603ac6f4bb376400199ae17f,queue,/v1/routing/queues/603ac6f4bb376400199ae17f,6436ac653ce4a701ed6768c7,conversation,,,,,,,603ac6a0c21eac001a097fea,queue-rule,/v1/routing/queue-rules/603ac6a0c21eac001a097fea,5ffde0fa457cefe8874aa6eb,team,/v1/teams/5ffde0fa457cefe8874aa6eb,6436ab7d440949f0acc260e1,work_session,/v1/routing/work-sessions/6436ab7d440949f0acc260e1
17,6436adcaca9da60538573cb8,work_item,voice,2023-04-12T13:11:53.155Z,2023-04-12T13:10:34.529Z,2023-04-12T13:10:34.785Z,False,1,2023-04-12T13:10:34.536Z,False,5,1,2023-04-12T13:10:33.288Z,in,,1497.0,,9,conversation,4,,completed,2023-04-12T13:11:53.155Z,1,/v1/routing/work-items/6436adcaca9da60538573cb8,,,,,24561,2023-04-12T13:11:53.155Z,24561,0.0,0.0,2023-04-12T13:11:28.594Z,2023-04-12T13:10:34.785Z,53809.0,53809.0,,6436adc9da6d23053e0034d5,2023-04-12T13:10:32.885Z,3,open,,631240d206dc6a71ef93a9d7,user,/v1/users/631240d206dc6a71ef93a9d7,631240d206dc6a71ef93a9d7,user,/v1/users/631240d206dc6a71ef93a9d7,6436adcaca9da62319573cb9,work_item_revision,,,,5fedee827daf2cfe1a83e9ce,org,/v1/orgs/5fedee827daf2cfe1a83e9ce,603ac6f4bb376400199ae17f,queue,/v1/routing/queues/603ac6f4bb376400199ae17f,6436adc9da6d23053e0034d5,conversation,,,,,,,603ac6a0c21eac001a097fea,queue-rule,/v1/routing/queue-rules/603ac6a0c21eac001a097fea,5ffde0f73e99b87fcb4dcae6,team,/v1/teams/5ffde0f73e99b87fcb4dcae6,6436ab5b87968b4d4d41ec04,work_session,/v1/routing/work-sessions/6436ab5b87968b4d4d41ec04
18,6436ab935310f75e1ca84dba,work_item,voice,2023-04-12T13:11:50.863Z,2023-04-12T13:01:07.564Z,2023-04-12T13:01:08.053Z,False,1,2023-04-12T13:01:07.574Z,False,5,1,2023-04-12T13:01:05.836Z,in,,2217.0,,9,conversation,4,,completed,2023-04-12T13:11:50.863Z,1,/v1/routing/work-items/6436ab935310f75e1ca84dba,,,,,523404,2023-04-12T13:11:50.863Z,523404,0.0,0.0,2023-04-12T13:03:07.459Z,2023-04-12T13:01:08.053Z,119406.0,119406.0,,6436ab913d62e8f24583a388,2023-04-12T13:01:05.612Z,3,open,,6246fdf9b2fc71ae29802bd1,user,/v1/users/6246fdf9b2fc71ae29802bd1,6246fdf9b2fc71ae29802bd1,user,/v1/users/6246fdf9b2fc71ae29802bd1,6436ab935310f7dbcaa84dbb,work_item_revision,,,,5fedee827daf2cfe1a83e9ce,org,/v1/orgs/5fedee827daf2cfe1a83e9ce,603ac6f4bb376400199ae17f,queue,/v1/routing/queues/603ac6f4bb376400199ae17f,6436ab913d62e8f24583a388,conversation,,,,,,,603ac6a0c21eac001a097fea,queue-rule,/v1/routing/queue-rules/603ac6a0c21eac001a097fea,,,,,,
19,6436adf5e3c7413cd8e9ae47,work_item,email,2023-04-12T13:11:42.612Z,2023-04-12T13:11:17.813Z,,False,1,2023-04-12T13:11:17.824Z,False,1,0,2023-04-12T13:10:46.560Z,out,,,,9,conversation,2,,completed,2023-04-12T13:11:42.612Z,1,/v1/routing/work-items/6436adf5e3c7413cd8e9ae47,,,,,24799,2023-04-12T13:11:42.612Z,24799,,,2023-04-12T13:11:17.813Z,,,,,6436add6cba705ba3cae91a7,,3,open,,60a81854066183001a71a4b6,user,/v1/users/60a81854066183001a71a4b6,60a81854066183001a71a4b6,user,/v1/users/60a81854066183001a71a4b6,6436adf5e3c741758ae9ae48,work_item_revision,,,,5fedee827daf2cfe1a83e9ce,org,/v1/orgs/5fedee827daf2cfe1a83e9ce,,,,6436add6cba705ba3cae91a7,conversation,,,,,,,,,,6112a88d43eabc00121c3cfc,team,/v1/teams/6112a88d43eabc00121c3cfc,6436a4d4caa07473e3093a73,work_session,/v1/routing/work-sessions/6436a4d4caa07473e3093a73
20,6436ac7a616ec01065025880,work_item,voice,2023-04-12T13:11:41.568Z,2023-04-12T13:04:58.135Z,2023-04-12T13:04:58.352Z,False,1,2023-04-12T13:04:58.143Z,False,5,1,2023-04-12T13:04:56.637Z,in,,1715.0,,13,conversation,5,,completed,2023-04-12T13:11:41.568Z,1,/v1/routing/work-items/6436ac7a616ec01065025880,,,,,375305,2023-04-12T13:11:41.568Z,375305,0.0,0.0,2023-04-12T13:05:26.263Z,2023-04-12T13:04:58.352Z,27911.0,27911.0,,6436ac7817a0ef989ab80f19,2023-04-12T13:04:56.321Z,3,open,,6398b84d70cb5d60c74f9a16,user,/v1/users/6398b84d70cb5d60c74f9a16,6398b84d70cb5d60c74f9a16,user,/v1/users/6398b84d70cb5d60c74f9a16,6436ac7a616ec04c06025881,work_item_revision,,,,5fedee827daf2cfe1a83e9ce,org,/v1/orgs/5fedee827daf2cfe1a83e9ce,603ac6f4bb376400199ae17f,queue,/v1/routing/queues/603ac6f4bb376400199ae17f,6436ac7817a0ef989ab80f19,conversation,,,,,,,603ac6a0c21eac001a097fea,queue-rule,/v1/routing/queue-rules/603ac6a0c21eac001a097fea,5ffde0fa457cefe8874aa6eb,team,/v1/teams/5ffde0fa457cefe8874aa6eb,6436ac9cd7500238e2274a87,work_session,/v1/routing/work-sessions/6436ac9cd7500238e2274a87
21,6436ac5f3ea3804a68a4540b,work_item,chat,2023-04-12T13:11:31.481Z,2023-04-12T13:04:31.068Z,2023-04-12T13:04:31.341Z,False,1,2023-04-12T13:04:32.455Z,False,1,1,2023-04-12T13:04:29.604Z,in,2851.0,1737.0,2009.0,17,conversation,6,,completed,2023-04-12T13:11:31.481Z,1,/v1/routing/work-items/6436ac5f3ea3804a68a4540b,36620.0,2023-04-12T13:05:09.075Z,6436ac7217efe46dfec4c28b,36620.0,419026,2023-04-12T13:11:31.481Z,419026,0.0,0.0,2023-04-12T13:04:32.455Z,2023-04-12T13:04:31.341Z,272.0,272.0,2023-04-12T13:04:31.613Z,6436ac5c5a6c6a2da53fc023,2023-04-12T13:04:29.570Z,3,open,,62a8b7a12a2a57472a289365,user,/v1/users/62a8b7a12a2a57472a289365,62a8b7a12a2a57472a289365,user,/v1/users/62a8b7a12a2a57472a289365,6436ac5f3ea3808637a4540c,work_item_revision,62a8b7a12a2a57472a289365,user,/v1/users/62a8b7a12a2a57472a289365,5fedee827daf2cfe1a83e9ce,org,/v1/orgs/5fedee827daf2cfe1a83e9ce,60214d41909957001a2ccfa1,queue,/v1/routing/queues/60214d41909957001a2ccfa1,6436ac5c5a6c6a2da53fc023,conversation,62a8b7a12a2a57472a289365,user,/v1/users/62a8b7a12a2a57472a289365,6436ab307a13440009daa4d6,work_session,/v1/routing/work-sessions/6436ab307a13440009daa4d6,60214d5b2819dc001bda0223,queue-rule,/v1/routing/queue-rules/60214d5b2819dc001bda0223,62042f756e39c33c269f724a,team,/v1/teams/62042f756e39c33c269f724a,6436ab307a13440009daa4d6,work_session,/v1/routing/work-sessions/6436ab307a13440009daa4d6
22,6436abf43cfef840911d336e,work_item,voice,2023-04-12T13:11:08.043Z,2023-04-12T13:02:44.657Z,2023-04-12T13:02:44.913Z,False,1,2023-04-12T13:02:44.663Z,False,5,1,2023-04-12T13:02:43.378Z,in,,1535.0,,15,conversation,4,,completed,2023-04-12T13:11:08.043Z,1,/v1/routing/work-items/6436abf43cfef840911d336e,,,,,341831,2023-04-12T13:11:08.043Z,341831,0.0,0.0,2023-04-12T13:05:26.212Z,2023-04-12T13:02:44.913Z,161299.0,161299.0,,6436abf380bccf3c59b34643,2023-04-12T13:02:43.079Z,3,open,,638a73359483231cba3e2d2a,user,/v1/users/638a73359483231cba3e2d2a,638a73359483231cba3e2d2a,user,/v1/users/638a73359483231cba3e2d2a,6436abf43cfef858a81d336f,work_item_revision,,,,5fedee827daf2cfe1a83e9ce,org,/v1/orgs/5fedee827daf2cfe1a83e9ce,603ac6f4bb376400199ae17f,queue,/v1/routing/queues/603ac6f4bb376400199ae17f,6436abf380bccf3c59b34643,conversation,,,,,,,603ac6a0c21eac001a097fea,queue-rule,/v1/routing/queue-rules/603ac6a0c21eac001a097fea,,,,,,
23,6436ab9719a29724304a18e2,work_item,voice,2023-04-12T13:10:37.980Z,2023-04-12T13:01:11.514Z,2023-04-12T13:01:11.971Z,False,1,2023-04-12T13:01:11.526Z,False,5,1,2023-04-12T13:01:09.856Z,in,,2115.0,,16,conversation,4,,completed,2023-04-12T13:10:37.980Z,1,/v1/routing/work-items/6436ab9719a29724304a18e2,,,,,485161,2023-04-12T13:10:37.980Z,485161,0.0,0.0,2023-04-12T13:02:32.819Z,2023-04-12T13:01:11.971Z,80848.0,80848.0,,6436ab952e2229c9e3236716,2023-04-12T13:01:09.541Z,3,open,,631240d206dc6a71ef93a9d7,user,/v1/users/631240d206dc6a71ef93a9d7,631240d206dc6a71ef93a9d7,user,/v1/users/631240d206dc6a71ef93a9d7,6436ab9719a297375f4a18e3,work_item_revision,,,,5fedee827daf2cfe1a83e9ce,org,/v1/orgs/5fedee827daf2cfe1a83e9ce,603ac6f4bb376400199ae17f,queue,/v1/routing/queues/603ac6f4bb376400199ae17f,6436ab952e2229c9e3236716,conversation,,,,,,,603ac6a0c21eac001a097fea,queue-rule,/v1/routing/queue-rules/603ac6a0c21eac001a097fea,5ffde0f73e99b87fcb4dcae6,team,/v1/teams/5ffde0f73e99b87fcb4dcae6,6436ab5b87968b4d4d41ec04,work_session,/v1/routing/work-sessions/6436ab5b87968b4d4d41ec04
24,6436ac7aaf9b35082f87cad6,work_item,voice,2023-04-12T13:10:01.154Z,2023-04-12T13:04:58.567Z,2023-04-12T13:04:58.870Z,False,1,2023-04-12T13:04:58.573Z,False,5,1,2023-04-12T13:04:57.168Z,in,,1702.0,,14,conversation,4,,completed,2023-04-12T13:10:01.154Z,1,/v1/routing/work-items/6436ac7aaf9b35082f87cad6,,,,,236310,2023-04-12T13:10:01.154Z,236310,0.0,0.0,2023-04-12T13:06:04.844Z,2023-04-12T13:04:58.870Z,65974.0,65974.0,,6436ac7986fe294e344ac02f,2023-04-12T13:04:56.955Z,3,open,,637808cd63cec33dae192620,user,/v1/users/637808cd63cec33dae192620,637808cd63cec33dae192620,user,/v1/users/637808cd63cec33dae192620,6436ac7aaf9b35207e87cad7,work_item_revision,,,,5fedee827daf2cfe1a83e9ce,org,/v1/orgs/5fedee827daf2cfe1a83e9ce,603ac6f4bb376400199ae17f,queue,/v1/routing/queues/603ac6f4bb376400199ae17f,6436ac7986fe294e344ac02f,conversation,,,,,,,603ac6a0c21eac001a097fea,queue-rule,/v1/routing/queue-rules/603ac6a0c21eac001a097fea,5ffde0fa457cefe8874aa6eb,team,/v1/teams/5ffde0fa457cefe8874aa6eb,6436ab5dcf7f2b0a3be94679,work_session,/v1/routing/work-sessions/6436ab5dcf7f2b0a3be94679
25,64356f28e23f3036b04fa862,work_item,email,2023-04-12T13:09:48.518Z,2023-04-11T14:31:04.746Z,2023-04-11T14:31:05.047Z,False,1,2023-04-12T13:06:24.570Z,False,1,1,2023-04-11T14:31:02.833Z,in,81321737.0,2214.0,81320799.0,14,conversation,5,,completed,2023-04-12T13:09:48.518Z,1,/v1/routing/work-items/64356f28e23f3036b04fa862,,,,,203948,2023-04-12T13:09:48.518Z,203948,0.0,0.0,2023-04-12T13:06:24.570Z,2023-04-11T14:31:05.047Z,34523632.0,81318585.0,2023-04-12T13:06:23.632Z,64356f26efd5ff83f62b9650,2023-04-11T14:31:02.921Z,2,open,,628552806a7a22521e23ff0c,user,/v1/users/628552806a7a22521e23ff0c,628552806a7a22521e23ff0c,user,/v1/users/628552806a7a22521e23ff0c,64356f28e23f30161a4fa863,work_item_revision,628552806a7a22521e23ff0c,user,/v1/users/628552806a7a22521e23ff0c,5fedee827daf2cfe1a83e9ce,org,/v1/orgs/5fedee827daf2cfe1a83e9ce,5fedee85dfe5ce001a76a36e,queue,/v1/routing/queues/5fedee85dfe5ce001a76a36e,64356f26efd5ff83f62b9650,conversation,628552806a7a22521e23ff0c,user,/v1/users/628552806a7a22521e23ff0c,6436aba1b329d8dc53fb19da,work_session,/v1/routing/work-sessions/6436aba1b329d8dc53fb19da,,,,62b0bb809e08d9f129c18bee,team,/v1/teams/62b0bb809e08d9f129c18bee,6436aba1b329d8dc53fb19da,work_session,/v1/routing/work-sessions/6436aba1b329d8dc53fb19da
26,6436abbac576e361b2987ed8,work_item,voice,2023-04-12T13:09:25.768Z,2023-04-12T13:01:46.644Z,2023-04-12T13:01:46.988Z,False,1,2023-04-12T13:01:46.651Z,False,5,1,2023-04-12T13:01:45.203Z,in,,1785.0,,13,conversation,5,,completed,2023-04-12T13:09:25.768Z,1,/v1/routing/work-items/6436abbac576e361b2987ed8,,,,,421085,2023-04-12T13:09:25.768Z,421085,0.0,0.0,2023-04-12T13:02:24.683Z,2023-04-12T13:01:46.988Z,37695.0,37695.0,,6436abb9d7f841bf6750f6a5,2023-04-12T13:01:44.993Z,3,open,,635062649de8deaa1c2356fa,user,/v1/users/635062649de8deaa1c2356fa,635062649de8deaa1c2356fa,user,/v1/users/635062649de8deaa1c2356fa,6436abbac576e3e435987ed9,work_item_revision,,,,5fedee827daf2cfe1a83e9ce,org,/v1/orgs/5fedee827daf2cfe1a83e9ce,603ac6f4bb376400199ae17f,queue,/v1/routing/queues/603ac6f4bb376400199ae17f,6436abb9d7f841bf6750f6a5,conversation,,,,,,,603ac6a0c21eac001a097fea,queue-rule,/v1/routing/queue-rules/603ac6a0c21eac001a097fea,5ffde0f73e99b87fcb4dcae6,team,/v1/teams/5ffde0f73e99b87fcb4dcae6,6436ac572fee01643982d86a,work_session,/v1/routing/work-sessions/6436ac572fee01643982d86a
27,6436ab2588845f1e755ddb36,work_item,voice,2023-04-12T13:09:19.012Z,2023-04-12T12:59:17.439Z,2023-04-12T12:59:17.745Z,False,1,2023-04-12T12:59:17.446Z,False,5,1,2023-04-12T12:59:16.039Z,in,,1706.0,,12,conversation,5,,completed,2023-04-12T13:09:19.012Z,1,/v1/routing/work-items/6436ab2588845f1e755ddb36,524740.0,2023-04-12T13:09:16.543Z,6436ad4b4964ce02baf20c99,524740.0,527209,2023-04-12T13:09:19.012Z,527209,0.0,0.0,2023-04-12T13:00:31.803Z,2023-04-12T12:59:17.745Z,14058.0,74058.0,,6436ab241a4f050e3b5a6481,2023-04-12T12:59:15.794Z,3,open,,6376a4ef8e9a4232adbb9b6a,user,/v1/users/6376a4ef8e9a4232adbb9b6a,6376a4ef8e9a4232adbb9b6a,user,/v1/users/6376a4ef8e9a4232adbb9b6a,6436ab2588845f64765ddb37,work_item_revision,,,,5fedee827daf2cfe1a83e9ce,org,/v1/orgs/5fedee827daf2cfe1a83e9ce,603ac6f4bb376400199ae17f,queue,/v1/routing/queues/603ac6f4bb376400199ae17f,6436ab241a4f050e3b5a6481,conversation,,,,,,,603ac6a0c21eac001a097fea,queue-rule,/v1/routing/queue-rules/603ac6a0c21eac001a097fea,5ffde0fa457cefe8874aa6eb,team,/v1/teams/5ffde0fa457cefe8874aa6eb,6436aa9619a29756144a01a9,work_session,/v1/routing/work-sessions/6436aa9619a29756144a01a9
28,64356e3f8cf8dccf3c89dd54,work_item,email,2023-04-12T13:09:13.722Z,2023-04-11T14:27:11.046Z,2023-04-11T14:27:11.409Z,False,1,2023-04-12T13:04:37.919Z,False,1,1,2023-04-11T14:27:09.304Z,in,81448615.0,2105.0,81447741.0,16,conversation,5,,completed,2023-04-12T13:09:13.722Z,1,/v1/routing/work-items/64356e3f8cf8dccf3c89dd54,,,,,275803,2023-04-12T13:09:13.722Z,275803,0.0,0.0,2023-04-12T13:04:37.919Z,2023-04-11T14:27:11.409Z,34657045.0,81445636.0,2023-04-12T13:04:37.045Z,64356e3dea6f8f4d8f3b2788,2023-04-11T14:27:09.436Z,2,open,,628552806a7a22521e23ff0c,user,/v1/users/628552806a7a22521e23ff0c,628552806a7a22521e23ff0c,user,/v1/users/628552806a7a22521e23ff0c,64356e3f8cf8dc952889dd55,work_item_revision,628552806a7a22521e23ff0c,user,/v1/users/628552806a7a22521e23ff0c,5fedee827daf2cfe1a83e9ce,org,/v1/orgs/5fedee827daf2cfe1a83e9ce,5fedee85dfe5ce001a76a36e,queue,/v1/routing/queues/5fedee85dfe5ce001a76a36e,64356e3dea6f8f4d8f3b2788,conversation,628552806a7a22521e23ff0c,user,/v1/users/628552806a7a22521e23ff0c,6436aba1b329d8dc53fb19da,work_session,/v1/routing/work-sessions/6436aba1b329d8dc53fb19da,,,,62b0bb809e08d9f129c18bee,team,/v1/teams/62b0bb809e08d9f129c18bee,6436aba1b329d8dc53fb19da,work_session,/v1/routing/work-sessions/6436aba1b329d8dc53fb19da
29,6436ab76d75002487c272ff9,work_item,voice,2023-04-12T13:08:26.893Z,2023-04-12T13:00:38.596Z,2023-04-12T13:00:39.193Z,False,1,2023-04-12T13:00:38.606Z,False,5,1,2023-04-12T13:00:36.998Z,in,,2195.0,,15,conversation,4,,completed,2023-04-12T13:08:26.893Z,1,/v1/routing/work-items/6436ab76d75002487c272ff9,,,,,403158,2023-04-12T13:08:26.893Z,403158,0.0,0.0,2023-04-12T13:01:43.735Z,2023-04-12T13:00:39.193Z,64542.0,64542.0,,6436ab743ee9da6f72a5d9a1,2023-04-12T13:00:36.740Z,3,open,,63bc3219e9ef14b793649712,user,/v1/users/63bc3219e9ef14b793649712,63bc3219e9ef14b793649712,user,/v1/users/63bc3219e9ef14b793649712,6436ab76d750024cda272ffa,work_item_revision,,,,5fedee827daf2cfe1a83e9ce,org,/v1/orgs/5fedee827daf2cfe1a83e9ce,603ac6f4bb376400199ae17f,queue,/v1/routing/queues/603ac6f4bb376400199ae17f,6436ab743ee9da6f72a5d9a1,conversation,,,,,,,603ac6a0c21eac001a097fea,queue-rule,/v1/routing/queue-rules/603ac6a0c21eac001a097fea,5ffde0fa457cefe8874aa6eb,team,/v1/teams/5ffde0fa457cefe8874aa6eb,6436ab04807a07afd31e449a,work_session,/v1/routing/work-sessions/6436ab04807a07afd31e449a
30,6436ab76616ec00b77023f8a,work_item,voice,2023-04-12T13:07:20.982Z,2023-04-12T13:00:38.021Z,2023-04-12T13:00:38.512Z,False,1,2023-04-12T13:00:38.055Z,False,5,1,2023-04-12T13:00:36.492Z,in,,2020.0,,12,conversation,4,,completed,2023-04-12T13:07:20.982Z,1,/v1/routing/work-items/6436ab76616ec00b77023f8a,,,,,339344,2023-04-12T13:07:20.982Z,339344,0.0,0.0,2023-04-12T13:01:41.638Z,2023-04-12T13:00:38.512Z,63126.0,63126.0,,6436ab74d7f8413b5e50e61a,2023-04-12T13:00:36.243Z,3,open,,6398b85a8a326cd24c80b060,user,/v1/users/6398b85a8a326cd24c80b060,6398b85a8a326cd24c80b060,user,/v1/users/6398b85a8a326cd24c80b060,6436ab76616ec0ea88023f8b,work_item_revision,,,,5fedee827daf2cfe1a83e9ce,org,/v1/orgs/5fedee827daf2cfe1a83e9ce,603ac6f4bb376400199ae17f,queue,/v1/routing/queues/603ac6f4bb376400199ae17f,6436ab74d7f8413b5e50e61a,conversation,,,,,,,603ac6a0c21eac001a097fea,queue-rule,/v1/routing/queue-rules/603ac6a0c21eac001a097fea,5ffde0fa457cefe8874aa6eb,team,/v1/teams/5ffde0fa457cefe8874aa6eb,6436ab5e7a13446ceadaa94a,work_session,/v1/routing/work-sessions/6436ab5e7a13446ceadaa94a
31,6435e3ecc62fbf205bbe1300,work_item,email,2023-04-12T13:07:03.769Z,2023-04-11T22:49:16.960Z,2023-04-11T22:49:17.288Z,False,1,2023-04-12T12:34:48.841Z,False,1,1,2023-04-11T22:49:15.696Z,in,49533145.0,1592.0,49532105.0,15,conversation,7,,completed,2023-04-12T13:07:03.769Z,1,/v1/routing/work-items/6435e3ecc62fbf205bbe1300,351324.0,2023-04-12T13:06:50.154Z,6436accaaca94b6c88c72fbd,1911324.0,364939,2023-04-12T13:07:03.769Z,1924939,0.0,0.0,2023-04-12T12:34:58.830Z,2023-04-11T22:49:17.288Z,4260000.0,49530513.0,2023-04-12T12:34:47.801Z,6435e3eb0be0cf12cf4dbc7d,2023-04-11T22:49:15.778Z,2,open,,60a81854066183001a71a4b6,user,/v1/users/60a81854066183001a71a4b6,60a81854066183001a71a4b6,user,/v1/users/60a81854066183001a71a4b6,6435e3ecc62fbfc490be1301,work_item_revision,60e8626b4c9be9001b1ce9f2,user,/v1/users/60e8626b4c9be9001b1ce9f2,5fedee827daf2cfe1a83e9ce,org,/v1/orgs/5fedee827daf2cfe1a83e9ce,605103bbf170c200128d6a2f,queue,/v1/routing/queues/605103bbf170c200128d6a2f,6435e3eb0be0cf12cf4dbc7d,conversation,60e8626b4c9be9001b1ce9f2,user,/v1/users/60e8626b4c9be9001b1ce9f2,6436a4b816e31c4f4bc0bce5,work_session,/v1/routing/work-sessions/6436a4b816e31c4f4bc0bce5,605104b760af5c00127332af,queue-rule,/v1/routing/queue-rules/605104b760af5c00127332af,6112a88d43eabc00121c3cfc,team,/v1/teams/6112a88d43eabc00121c3cfc,6436a4d4caa07473e3093a73,work_session,/v1/routing/work-sessions/6436a4d4caa07473e3093a73
32,6436abde3ed9dc84d073b8d0,work_item,voice,2023-04-12T13:06:45.999Z,2023-04-12T13:02:22.620Z,2023-04-12T13:02:22.972Z,False,1,2023-04-12T13:02:22.632Z,False,5,1,2023-04-12T13:02:21.319Z,in,,1653.0,,16,conversation,4,,completed,2023-04-12T13:06:45.999Z,1,/v1/routing/work-items/6436abde3ed9dc84d073b8d0,,,,,199502,2023-04-12T13:06:45.999Z,199502,0.0,0.0,2023-04-12T13:03:26.497Z,2023-04-12T13:02:22.972Z,63525.0,63525.0,,6436abddadff909ac6967d7f,2023-04-12T13:02:21.058Z,3,open,,640a0c3d4829313aaf0cebb7,user,/v1/users/640a0c3d4829313aaf0cebb7,640a0c3d4829313aaf0cebb7,user,/v1/users/640a0c3d4829313aaf0cebb7,6436abde3ed9dc199c73b8d1,work_item_revision,,,,5fedee827daf2cfe1a83e9ce,org,/v1/orgs/5fedee827daf2cfe1a83e9ce,603ac6f4bb376400199ae17f,queue,/v1/routing/queues/603ac6f4bb376400199ae17f,6436abddadff909ac6967d7f,conversation,,,,,,,603ac6a0c21eac001a097fea,queue-rule,/v1/routing/queue-rules/603ac6a0c21eac001a097fea,5ffde0fa457cefe8874aa6eb,team,/v1/teams/5ffde0fa457cefe8874aa6eb,6436ab5e954b04b833941c5f,work_session,/v1/routing/work-sessions/6436ab5e954b04b833941c5f
33,6435ed0bf2489f9b1d11ee63,work_item,email,2023-04-12T13:06:34.151Z,2023-04-11T23:28:11.185Z,2023-04-11T23:28:11.185Z,False,1,2023-04-11T23:28:11.197Z,False,1,0,2023-04-11T10:23:41.838Z,in,,,,27,conversation,3,,completed,2023-04-12T13:06:34.151Z,3,/v1/routing/work-items/6435ed0bf2489f9b1d11ee63,,,,,2314151,2023-04-12T13:06:34.151Z,49102966,,,2023-04-11T23:28:11.185Z,2023-04-11T23:28:11.185Z,,,,6435352dd74f1800f11a15a9,2023-04-11T23:27:53.000Z,2,open,,6217eb36e81f58ddd0b52ede,user,/v1/users/6217eb36e81f58ddd0b52ede,6217eb36e81f58ddd0b52ede,user,/v1/users/6217eb36e81f58ddd0b52ede,6435ed0bf2489ff68e11ee64,work_item_revision,,,,5fedee827daf2cfe1a83e9ce,org,/v1/orgs/5fedee827daf2cfe1a83e9ce,5fedee85dfe5ce001a76a36e,queue,/v1/routing/queues/5fedee85dfe5ce001a76a36e,6435352dd74f1800f11a15a9,conversation,,,,,,,,,,62042f756e39c33c269f724a,team,/v1/teams/62042f756e39c33c269f724a,6436ab67caa074554209a886,work_session,/v1/routing/work-sessions/6436ab67caa074554209a886
34,64356e320ee15c8561448ce0,work_item,email,2023-04-12T13:06:23.329Z,2023-04-11T14:26:58.550Z,2023-04-11T14:26:58.920Z,False,1,2023-04-12T13:03:38.186Z,False,1,1,2023-04-11T14:26:56.954Z,in,81401232.0,1966.0,81400074.0,15,conversation,5,,completed,2023-04-12T13:06:23.329Z,1,/v1/routing/work-items/64356e320ee15c8561448ce0,,,,,165143,2023-04-12T13:06:23.329Z,165143,0.0,0.0,2023-04-12T13:03:38.186Z,2023-04-11T14:26:58.920Z,34657028.0,81398108.0,2023-04-12T13:03:37.028Z,64356e30913d249b879de29b,2023-04-11T14:26:51.000Z,3,open,2023-04-12T15:26:56.954Z,628552806a7a22521e23ff0c,user,/v1/users/628552806a7a22521e23ff0c,628552806a7a22521e23ff0c,user,/v1/users/628552806a7a22521e23ff0c,64356e320ee15c07a3448ce1,work_item_revision,628552806a7a22521e23ff0c,user,/v1/users/628552806a7a22521e23ff0c,5fedee827daf2cfe1a83e9ce,org,/v1/orgs/5fedee827daf2cfe1a83e9ce,5fedee85dfe5ce001a76a36e,queue,/v1/routing/queues/5fedee85dfe5ce001a76a36e,64356e30913d249b879de29b,conversation,628552806a7a22521e23ff0c,user,/v1/users/628552806a7a22521e23ff0c,6436aba1b329d8dc53fb19da,work_session,/v1/routing/work-sessions/6436aba1b329d8dc53fb19da,,,,62b0bb809e08d9f129c18bee,team,/v1/teams/62b0bb809e08d9f129c18bee,6436aba1b329d8dc53fb19da,work_session,/v1/routing/work-sessions/6436aba1b329d8dc53fb19da
35,642db628177df2784d219412,work_item,email,2023-04-12T13:05:55.677Z,2023-04-05T17:55:52.016Z,,False,1,2023-04-05T17:55:52.036Z,False,1,0,2023-04-05T17:54:16.418Z,out,,,,9,conversation,6,,completed,2023-04-12T13:05:55.677Z,1,/v1/routing/work-items/642db628177df2784d219412,,,,,180655677,2023-04-12T13:05:55.677Z,587403661,,,2023-04-05T17:55:52.016Z,,,,,642db5c8364bb03ee7e5b969,,3,snoozed,,5ffde0706636fa24aea5e3f7,user,/v1/users/5ffde0706636fa24aea5e3f7,5ffde0706636fa24aea5e3f7,user,/v1/users/5ffde0706636fa24aea5e3f7,642db628177df291ca219413,work_item_revision,,,,5fedee827daf2cfe1a83e9ce,org,/v1/orgs/5fedee827daf2cfe1a83e9ce,,,,642db5c8364bb03ee7e5b969,conversation,,,,,,,,,,6019bc0fcdf3b5fc167e6fc4,team,/v1/teams/6019bc0fcdf3b5fc167e6fc4,64369ad61592c91b1db2f757,work_session,/v1/routing/work-sessions/64369ad61592c91b1db2f757
36,643608997d377adf3a005d1e,work_item,email,2023-04-12T13:05:02.905Z,2023-04-12T01:25:45.423Z,2023-04-12T01:25:45.423Z,False,1,2023-04-12T01:25:45.443Z,False,1,0,2023-04-11T17:27:43.185Z,in,,,,16,conversation,3,,completed,2023-04-12T13:05:02.905Z,2,/v1/routing/work-items/643608997d377adf3a005d1e,,,,,302905,2023-04-12T13:05:02.905Z,41957482,,,2023-04-12T01:25:45.423Z,2023-04-12T01:25:45.423Z,,,,6435988f8c2357c62db017a8,2023-04-12T01:25:30.000Z,2,open,,6217eb36e81f58ddd0b52ede,user,/v1/users/6217eb36e81f58ddd0b52ede,6217eb36e81f58ddd0b52ede,user,/v1/users/6217eb36e81f58ddd0b52ede,643608997d377a1be7005d1f,work_item_revision,,,,5fedee827daf2cfe1a83e9ce,org,/v1/orgs/5fedee827daf2cfe1a83e9ce,5fedee85dfe5ce001a76a36e,queue,/v1/routing/queues/5fedee85dfe5ce001a76a36e,6435988f8c2357c62db017a8,conversation,,,,,,,,,,62042f756e39c33c269f724a,team,/v1/teams/62042f756e39c33c269f724a,6436ab67caa074554209a886,work_session,/v1/routing/work-sessions/6436ab67caa074554209a886
37,64356c8c2f212578d5d7820e,work_item,email,2023-04-12T13:04:36.752Z,2023-04-11T14:19:56.530Z,2023-04-11T14:19:56.914Z,False,1,2023-04-12T13:02:48.798Z,False,1,1,2023-04-11T14:19:55.248Z,in,81773550.0,1666.0,81772894.0,11,conversation,5,,completed,2023-04-12T13:04:36.752Z,1,/v1/routing/work-items/64356c8c2f212578d5d7820e,,,,,107954,2023-04-12T13:04:36.752Z,107954,0.0,0.0,2023-04-12T13:02:48.798Z,2023-04-11T14:19:56.914Z,35028142.0,81771228.0,2023-04-12T13:02:48.142Z,64356c8b913d249b8752bf41,2023-04-11T14:19:38.000Z,3,open,2023-04-12T15:19:55.248Z,628552806a7a22521e23ff0c,user,/v1/users/628552806a7a22521e23ff0c,628552806a7a22521e23ff0c,user,/v1/users/628552806a7a22521e23ff0c,64356c8c2f21258c3dd7820f,work_item_revision,628552806a7a22521e23ff0c,user,/v1/users/628552806a7a22521e23ff0c,5fedee827daf2cfe1a83e9ce,org,/v1/orgs/5fedee827daf2cfe1a83e9ce,5fedee85dfe5ce001a76a36e,queue,/v1/routing/queues/5fedee85dfe5ce001a76a36e,64356c8b913d249b8752bf41,conversation,628552806a7a22521e23ff0c,user,/v1/users/628552806a7a22521e23ff0c,6436aba1b329d8dc53fb19da,work_session,/v1/routing/work-sessions/6436aba1b329d8dc53fb19da,,,,62b0bb809e08d9f129c18bee,team,/v1/teams/62b0bb809e08d9f129c18bee,6436aba1b329d8dc53fb19da,work_session,/v1/routing/work-sessions/6436aba1b329d8dc53fb19da
38,64356bfc649d07badd4b6606,work_item,email,2023-04-12T13:03:36.761Z,2023-04-11T14:17:32.816Z,2023-04-11T14:17:33.071Z,False,1,2023-04-12T13:02:33.379Z,False,1,1,2023-04-11T14:17:31.530Z,in,81901849.0,1541.0,81901174.0,12,conversation,5,,completed,2023-04-12T13:03:36.761Z,1,/v1/routing/work-items/64356bfc649d07badd4b6606,,,,,63382,2023-04-12T13:03:36.761Z,63382,0.0,0.0,2023-04-12T13:02:33.379Z,2023-04-11T14:17:33.071Z,35132704.0,81899633.0,2023-04-12T13:02:32.704Z,64356bfb913d249b8738935a,2023-04-11T14:17:18.000Z,3,open,2023-04-12T15:17:31.530Z,628552806a7a22521e23ff0c,user,/v1/users/628552806a7a22521e23ff0c,628552806a7a22521e23ff0c,user,/v1/users/628552806a7a22521e23ff0c,64356bfc649d072aca4b6607,work_item_revision,628552806a7a22521e23ff0c,user,/v1/users/628552806a7a22521e23ff0c,5fedee827daf2cfe1a83e9ce,org,/v1/orgs/5fedee827daf2cfe1a83e9ce,5fedee85dfe5ce001a76a36e,queue,/v1/routing/queues/5fedee85dfe5ce001a76a36e,64356bfb913d249b8738935a,conversation,628552806a7a22521e23ff0c,user,/v1/users/628552806a7a22521e23ff0c,6436aba1b329d8dc53fb19da,work_session,/v1/routing/work-sessions/6436aba1b329d8dc53fb19da,,,,62b0bb809e08d9f129c18bee,team,/v1/teams/62b0bb809e08d9f129c18bee,6436aba1b329d8dc53fb19da,work_session,/v1/routing/work-sessions/6436aba1b329d8dc53fb19da
39,642dc5b938574c6044c6205b,work_item,email,2023-04-12T13:02:10.254Z,2023-04-05T19:02:17.023Z,,False,1,2023-04-05T19:02:17.037Z,False,1,0,2023-04-05T18:59:34.140Z,out,,,,11,conversation,6,,completed,2023-04-12T13:02:10.254Z,1,/v1/routing/work-items/642dc5b938574c6044c6205b,,,,,176410254,2023-04-12T13:02:10.254Z,583193231,,,2023-04-05T19:02:17.023Z,,,,,642dc51680590a0bee7debd0,,3,snoozed,,5ffde0706636fa24aea5e3f7,user,/v1/users/5ffde0706636fa24aea5e3f7,5ffde0706636fa24aea5e3f7,user,/v1/users/5ffde0706636fa24aea5e3f7,642dc5b938574c698fc6205c,work_item_revision,,,,5fedee827daf2cfe1a83e9ce,org,/v1/orgs/5fedee827daf2cfe1a83e9ce,,,,642dc51680590a0bee7debd0,conversation,,,,,,,,,,6019bc0fcdf3b5fc167e6fc4,team,/v1/teams/6019bc0fcdf3b5fc167e6fc4,64369ad61592c91b1db2f757,work_session,/v1/routing/work-sessions/64369ad61592c91b1db2f757
40,643627bede98af95eac3ba4d,work_item,email,2023-04-12T13:02:05.376Z,2023-04-12T03:38:38.864Z,2023-04-12T03:38:38.864Z,False,1,2023-04-12T03:38:38.872Z,False,1,0,2023-04-11T11:55:58.344Z,in,,,,16,conversation,3,,completed,2023-04-12T13:02:05.376Z,2,/v1/routing/work-items/643627bede98af95eac3ba4d,,,,,125376,2023-04-12T13:02:05.376Z,33806512,,,,2023-04-12T03:38:38.864Z,,,,64354ace913d249b87199597,2023-04-12T03:38:31.000Z,3,open,2023-04-13T14:00:00.000Z,,,,,,,643627bede98af40bbc3ba4e,work_item_revision,,,,5fedee827daf2cfe1a83e9ce,org,/v1/orgs/5fedee827daf2cfe1a83e9ce,5fedee85dfe5ce001a76a36e,queue,/v1/routing/queues/5fedee85dfe5ce001a76a36e,64354ace913d249b87199597,conversation,,,,,,,,,,,,,,,
41,6436272550e89f0d2db3d6a2,work_item,email,2023-04-12T13:01:23.210Z,2023-04-12T03:36:05.719Z,2023-04-12T03:36:05.719Z,False,1,2023-04-12T03:36:05.730Z,False,1,0,2023-04-11T02:02:09.809Z,in,,,,16,conversation,3,,completed,2023-04-12T13:01:23.210Z,2,/v1/routing/work-items/6436272550e89f0d2db3d6a2,,,,,83210,2023-04-12T13:01:23.210Z,33917491,,,2023-04-12T03:36:05.719Z,2023-04-12T03:36:05.719Z,,,,6434bfa1913d249b87baa6fb,2023-04-12T03:35:49.000Z,3,open,2023-04-13T14:00:00.000Z,6287cec2bef6f5260a8609ed,user,/v1/users/6287cec2bef6f5260a8609ed,6287cec2bef6f5260a8609ed,user,/v1/users/6287cec2bef6f5260a8609ed,6436272550e89f8ce1b3d6a3,work_item_revision,,,,5fedee827daf2cfe1a83e9ce,org,/v1/orgs/5fedee827daf2cfe1a83e9ce,5fedee85dfe5ce001a76a36e,queue,/v1/routing/queues/5fedee85dfe5ce001a76a36e,6434bfa1913d249b87baa6fb,conversation,,,,,,,,,,62042f756e39c33c269f724a,team,/v1/teams/62042f756e39c33c269f724a,6436ab65e87814321266b452,work_session,/v1/routing/work-sessions/6436ab65e87814321266b452
42,64361a2a7a13441600d2a843,work_item,email,2023-04-12T13:01:11.179Z,2023-04-12T02:40:42.914Z,2023-04-12T02:40:43.231Z,False,1,2023-04-12T12:57:38.308Z,False,1,1,2023-04-12T02:40:41.544Z,in,37016764.0,1687.0,37016340.0,12,conversation,5,,completed,2023-04-12T13:01:11.179Z,1,/v1/routing/work-items/64361a2a7a13441600d2a843,,,,,32871,2023-04-12T13:01:11.179Z,212871,0.0,0.0,2023-04-12T12:57:38.308Z,2023-04-12T02:40:43.231Z,0.0,37014653.0,2023-04-12T12:57:37.884Z,64361a29913d249b872bd97d,2023-04-12T02:40:25.000Z,3,open,2023-04-13T14:00:00.000Z,60ba3d2c966c7b00194d2847,user,/v1/users/60ba3d2c966c7b00194d2847,60ba3d2c966c7b00194d2847,user,/v1/users/60ba3d2c966c7b00194d2847,64361a2a7a1344edfdd2a844,work_item_revision,60ba3d2c966c7b00194d2847,user,/v1/users/60ba3d2c966c7b00194d2847,5fedee827daf2cfe1a83e9ce,org,/v1/orgs/5fedee827daf2cfe1a83e9ce,60c3866978c0780013871a3f,queue,/v1/routing/queues/60c3866978c0780013871a3f,64361a29913d249b872bd97d,conversation,60ba3d2c966c7b00194d2847,user,/v1/users/60ba3d2c966c7b00194d2847,6436a822af9b352f20877792,work_session,/v1/routing/work-sessions/6436a822af9b352f20877792,60d242e40bd0cf001ad241fd,queue-rule,/v1/routing/queue-rules/60d242e40bd0cf001ad241fd,5ffde0f95859ac663c8f4d23,team,/v1/teams/5ffde0f95859ac663c8f4d23,6436a822af9b352f20877792,work_session,/v1/routing/work-sessions/6436a822af9b352f20877792
43,6435fdb4da4e0638c74caeb9,work_item,email,2023-04-12T12:58:52.891Z,2023-04-12T00:39:16.848Z,2023-04-12T00:39:17.191Z,False,1,2023-04-12T12:57:37.587Z,False,2,1,2023-04-12T00:39:15.723Z,in,44301864.0,1468.0,44301218.0,12,conversation,5,,completed,2023-04-12T12:58:52.891Z,1,/v1/routing/work-items/6435fdb4da4e0638c74caeb9,,,,,0,2023-04-12T12:58:52.891Z,75304,0.0,0.0,2023-04-12T12:57:37.587Z,2023-04-12T00:39:17.191Z,0.0,44299750.0,2023-04-12T12:57:36.941Z,6435fdb3913d249b8745bda7,2023-04-12T00:39:09.000Z,3,open,2023-04-13T14:00:00.000Z,60ba3d2c966c7b00194d2847,user,/v1/users/60ba3d2c966c7b00194d2847,60ba3d2c966c7b00194d2847,user,/v1/users/60ba3d2c966c7b00194d2847,6435fdb4da4e06d3564caeba,work_item_revision,60ba3d2c966c7b00194d2847,user,/v1/users/60ba3d2c966c7b00194d2847,5fedee827daf2cfe1a83e9ce,org,/v1/orgs/5fedee827daf2cfe1a83e9ce,60feed514bfeef0019825690,queue,/v1/routing/queues/60feed514bfeef0019825690,6435fdb3913d249b8745bda7,conversation,60ba3d2c966c7b00194d2847,user,/v1/users/60ba3d2c966c7b00194d2847,6436a822af9b352f20877792,work_session,/v1/routing/work-sessions/6436a822af9b352f20877792,60feedb64e73a700192ed770,queue-rule,/v1/routing/queue-rules/60feedb64e73a700192ed770,5ffde0f95859ac663c8f4d23,team,/v1/teams/5ffde0f95859ac663c8f4d23,6436a822af9b352f20877792,work_session,/v1/routing/work-sessions/6436a822af9b352f20877792
44,6435f08c7eb92d7a256a8cd2,work_item,email,2023-04-12T12:57:36.707Z,2023-04-11T23:43:08.831Z,2023-04-11T23:43:09.141Z,False,1,2023-04-12T12:46:35.383Z,False,1,1,2023-04-11T23:43:07.570Z,in,47007813.0,1571.0,47007293.0,10,conversation,5,,completed,2023-04-12T12:57:36.707Z,1,/v1/routing/work-items/6435f08c7eb92d7a256a8cd2,,,,,0,2023-04-12T12:57:36.707Z,661324,0.0,0.0,2023-04-12T12:46:35.383Z,2023-04-11T23:43:09.141Z,1020000.0,47005722.0,2023-04-12T12:46:34.863Z,6435f08b913d249b87b0badb,2023-04-11T23:42:47.000Z,3,open,2023-04-13T13:43:07.570Z,60ba3d2c966c7b00194d2847,user,/v1/users/60ba3d2c966c7b00194d2847,60ba3d2c966c7b00194d2847,user,/v1/users/60ba3d2c966c7b00194d2847,6435f08c7eb92d26a86a8cd3,work_item_revision,60ba3d2c966c7b00194d2847,user,/v1/users/60ba3d2c966c7b00194d2847,5fedee827daf2cfe1a83e9ce,org,/v1/orgs/5fedee827daf2cfe1a83e9ce,60c3866978c0780013871a3f,queue,/v1/routing/queues/60c3866978c0780013871a3f,6435f08b913d249b87b0badb,conversation,60ba3d2c966c7b00194d2847,user,/v1/users/60ba3d2c966c7b00194d2847,6436a822af9b352f20877792,work_session,/v1/routing/work-sessions/6436a822af9b352f20877792,60d242e40bd0cf001ad241fd,queue-rule,/v1/routing/queue-rules/60d242e40bd0cf001ad241fd,5ffde0f95859ac663c8f4d23,team,/v1/teams/5ffde0f95859ac663c8f4d23,6436a822af9b352f20877792,work_session,/v1/routing/work-sessions/6436a822af9b352f20877792
45,6435f5390204833f2f724e0e,work_item,email,2023-04-12T12:57:00.666Z,2023-04-12T00:03:05.357Z,2023-04-12T00:03:05.627Z,False,1,2023-04-12T12:51:27.223Z,False,1,1,2023-04-12T00:03:04.087Z,in,46103136.0,1540.0,46102284.0,12,conversation,6,,completed,2023-04-12T12:57:00.666Z,1,/v1/routing/work-items/6435f5390204833f2f724e0e,0.0,2023-04-12T12:56:42.702Z,6436aa77b75df76307adab99,315479.0,0,2023-04-12T12:57:00.666Z,333443,0.0,0.0,2023-04-12T12:51:27.223Z,2023-04-12T00:03:05.627Z,0.0,46100744.0,2023-04-12T12:51:26.371Z,6435f538913d249b87428d42,2023-04-12T00:02:47.000Z,3,open,2023-04-13T14:00:00.000Z,5ffde07a49d6e61e21ea0cf2,user,/v1/users/5ffde07a49d6e61e21ea0cf2,5ffde07a49d6e61e21ea0cf2,user,/v1/users/5ffde07a49d6e61e21ea0cf2,6435f539020483b99e724e0f,work_item_revision,5ffde07a49d6e61e21ea0cf2,user,/v1/users/5ffde07a49d6e61e21ea0cf2,5fedee827daf2cfe1a83e9ce,org,/v1/orgs/5fedee827daf2cfe1a83e9ce,60c3866978c0780013871a3f,queue,/v1/routing/queues/60c3866978c0780013871a3f,6435f538913d249b87428d42,conversation,5ffde07a49d6e61e21ea0cf2,user,/v1/users/5ffde07a49d6e61e21ea0cf2,6436a54356da7e1f7d450cba,work_session,/v1/routing/work-sessions/6436a54356da7e1f7d450cba,60d242e40bd0cf001ad241fd,queue-rule,/v1/routing/queue-rules/60d242e40bd0cf001ad241fd,5ffde0f95859ac663c8f4d23,team,/v1/teams/5ffde0f95859ac663c8f4d23,6436a54356da7e1f7d450cba,work_session,/v1/routing/work-sessions/6436a54356da7e1f7d450cba
46,6435f73c82cddd65a3c7ffc0,work_item,email,2023-04-12T12:53:17.850Z,2023-04-12T00:11:40.316Z,2023-04-12T00:11:40.601Z,False,1,2023-04-12T12:51:25.836Z,False,2,1,2023-04-12T00:11:39.148Z,in,45586688.0,1453.0,45586054.0,12,conversation,6,,completed,2023-04-12T12:53:17.850Z,1,/v1/routing/work-items/6435f73c82cddd65a3c7ffc0,0.0,2023-04-12T12:53:07.759Z,6436a9a38803a973db50a663,101923.0,0,2023-04-12T12:53:17.850Z,112014,0.0,0.0,2023-04-12T12:51:25.836Z,2023-04-12T00:11:40.601Z,0.0,45584601.0,2023-04-12T12:51:25.202Z,6435f73b0f3ae72b9bd5f95e,2023-04-12T00:11:39.230Z,2,open,,5ffde07a49d6e61e21ea0cf2,user,/v1/users/5ffde07a49d6e61e21ea0cf2,5ffde07a49d6e61e21ea0cf2,user,/v1/users/5ffde07a49d6e61e21ea0cf2,6435f73c82cddd5c12c7ffc1,work_item_revision,5ffde07a49d6e61e21ea0cf2,user,/v1/users/5ffde07a49d6e61e21ea0cf2,5fedee827daf2cfe1a83e9ce,org,/v1/orgs/5fedee827daf2cfe1a83e9ce,6060a2347789cd0019025104,queue,/v1/routing/queues/6060a2347789cd0019025104,6435f73b0f3ae72b9bd5f95e,conversation,5ffde07a49d6e61e21ea0cf2,user,/v1/users/5ffde07a49d6e61e21ea0cf2,6436a54356da7e1f7d450cba,work_session,/v1/routing/work-sessions/6436a54356da7e1f7d450cba,6060a2a07789cd00190257f4,queue-rule,/v1/routing/queue-rules/6060a2a07789cd00190257f4,5ffde0f95859ac663c8f4d23,team,/v1/teams/5ffde0f95859ac663c8f4d23,6436a54356da7e1f7d450cba,work_session,/v1/routing/work-sessions/6436a54356da7e1f7d450cba
47,642db1f1cd97985df286ab47,work_item,email,2023-04-12T12:52:56.281Z,2023-04-05T17:37:53.439Z,,False,1,2023-04-05T17:37:53.449Z,False,1,0,2023-04-05T17:35:44.869Z,out,,,,10,conversation,6,,completed,2023-04-12T12:52:56.281Z,1,/v1/routing/work-items/642db1f1cd97985df286ab47,,,,,181380000,2023-04-12T12:52:56.281Z,587702842,,,2023-04-05T17:37:53.439Z,,,,,642db1702b34e659f56b0b28,,3,snoozed,,5ffde0706636fa24aea5e3f7,user,/v1/users/5ffde0706636fa24aea5e3f7,5ffde0706636fa24aea5e3f7,user,/v1/users/5ffde0706636fa24aea5e3f7,642db1f1cd979829db86ab48,work_item_revision,,,,5fedee827daf2cfe1a83e9ce,org,/v1/orgs/5fedee827daf2cfe1a83e9ce,,,,642db1702b34e659f56b0b28,conversation,,,,,,,,,,6019bc0fcdf3b5fc167e6fc4,team,/v1/teams/6019bc0fcdf3b5fc167e6fc4,64369ad61592c91b1db2f757,work_session,/v1/routing/work-sessions/64369ad61592c91b1db2f757
48,6435eec8bdc2a7fbec211124,work_item,email,2023-04-12T12:51:24.946Z,2023-04-11T23:35:36.727Z,2023-04-11T23:35:37.131Z,False,1,2023-04-12T12:34:12.126Z,False,1,1,2023-04-11T23:35:35.346Z,in,46716780.0,1785.0,46716514.0,12,conversation,6,,completed,2023-04-12T12:51:24.946Z,1,/v1/routing/work-items/6435eec8bdc2a7fbec211124,0.0,2023-04-12T12:51:11.326Z,6436a9373bef66e0bc7fecb5,1019200.0,0,2023-04-12T12:51:24.946Z,1032820,0.0,0.0,2023-04-12T12:34:12.126Z,2023-04-11T23:35:37.131Z,1500000.0,46714729.0,2023-04-12T12:34:11.860Z,6435eec7913d249b8779946a,2023-04-11T23:35:15.000Z,3,open,2023-04-13T13:35:35.346Z,5ffde07a49d6e61e21ea0cf2,user,/v1/users/5ffde07a49d6e61e21ea0cf2,5ffde07a49d6e61e21ea0cf2,user,/v1/users/5ffde07a49d6e61e21ea0cf2,6435eec8bdc2a711bd211125,work_item_revision,5ffde07a49d6e61e21ea0cf2,user,/v1/users/5ffde07a49d6e61e21ea0cf2,5fedee827daf2cfe1a83e9ce,org,/v1/orgs/5fedee827daf2cfe1a83e9ce,60c3866978c0780013871a3f,queue,/v1/routing/queues/60c3866978c0780013871a3f,6435eec7913d249b8779946a,conversation,5ffde07a49d6e61e21ea0cf2,user,/v1/users/5ffde07a49d6e61e21ea0cf2,6436a54356da7e1f7d450cba,work_session,/v1/routing/work-sessions/6436a54356da7e1f7d450cba,60d242e40bd0cf001ad241fd,queue-rule,/v1/routing/queue-rules/60d242e40bd0cf001ad241fd,5ffde0f95859ac663c8f4d23,team,/v1/teams/5ffde0f95859ac663c8f4d23,6436a54356da7e1f7d450cba,work_session,/v1/routing/work-sessions/6436a54356da7e1f7d450cba
49,64360824c67d4de7943167bd,work_item,email,2023-04-12T12:48:56.785Z,2023-04-12T01:23:48.954Z,2023-04-12T01:23:48.954Z,False,1,2023-04-12T01:23:48.964Z,False,2,0,2023-04-10T18:10:28.699Z,out,,,,14,conversation,4,,completed,2023-04-12T12:48:56.785Z,3,/v1/routing/work-items/64360824c67d4de7943167bd,0.0,2023-04-12T12:48:53.852Z,6436a87682a87404ea5f4e40,41104898.0,0,2023-04-12T12:48:56.785Z,41107831,,,2023-04-12T01:23:48.954Z,2023-04-12T01:23:48.954Z,,,,643451140cab30203441979c,2023-04-12T01:23:29.000Z,3,open,2023-04-13T14:00:00.000Z,5ffde07a49d6e61e21ea0cf2,user,/v1/users/5ffde07a49d6e61e21ea0cf2,5ffde07a49d6e61e21ea0cf2,user,/v1/users/5ffde07a49d6e61e21ea0cf2,64360824c67d4d4b5a3167be,work_item_revision,,,,5fedee827daf2cfe1a83e9ce,org,/v1/orgs/5fedee827daf2cfe1a83e9ce,6078621568ed5700194146d1,queue,/v1/routing/queues/6078621568ed5700194146d1,643451140cab30203441979c,conversation,,,,,,,,,,5ffde0f95859ac663c8f4d23,team,/v1/teams/5ffde0f95859ac663c8f4d23,6436a54356da7e1f7d450cba,work_session,/v1/routing/work-sessions/6436a54356da7e1f7d450cba
50,6436a860d750021e3b26f7be,work_item,email,2023-04-12T12:47:37.126Z,2023-04-12T12:47:28.596Z,,False,1,2023-04-12T12:47:28.607Z,False,1,0,2023-04-12T12:46:29.757Z,out,,,,7,conversation,2,,completed,2023-04-12T12:47:37.126Z,1,/v1/routing/work-items/6436a860d750021e3b26f7be,,,,,0,2023-04-12T12:47:37.126Z,8530,,,2023-04-12T12:47:28.596Z,,,,,6436a82528a51f03456a149d,,3,open,,5ffde07a49d6e61e21ea0cf2,user,/v1/users/5ffde07a49d6e61e21ea0cf2,5ffde07a49d6e61e21ea0cf2,user,/v1/users/5ffde07a49d6e61e21ea0cf2,6436a860d750026d3226f7bf,work_item_revision,,,,5fedee827daf2cfe1a83e9ce,org,/v1/orgs/5fedee827daf2cfe1a83e9ce,,,,6436a82528a51f03456a149d,conversation,,,,,,,,,,5ffde0f95859ac663c8f4d23,team,/v1/teams/5ffde0f95859ac663c8f4d23,6436a54356da7e1f7d450cba,work_session,/v1/routing/work-sessions/6436a54356da7e1f7d450cba
51,6435ee247314d93156221858,work_item,email,2023-04-12T12:46:24.532Z,2023-04-11T23:32:52.158Z,2023-04-11T23:32:52.414Z,False,1,2023-04-12T12:44:06.697Z,False,1,1,2023-04-11T23:32:50.859Z,in,47475838.0,1555.0,47474724.0,12,conversation,6,,completed,2023-04-12T12:46:24.532Z,1,/v1/routing/work-items/6435ee247314d93156221858,0.0,2023-04-12T12:46:09.970Z,6436a7d8aca94b09f3c69f81,123273.0,0,2023-04-12T12:46:24.532Z,137835,0.0,0.0,2023-04-12T12:44:06.697Z,2023-04-11T23:32:52.414Z,1680000.0,47473169.0,2023-04-12T12:44:05.583Z,6435ee22d9e9383d6aae82eb,2023-04-11T23:32:50.999Z,2,open,,60e8626b4c9be9001b1ce9f2,user,/v1/users/60e8626b4c9be9001b1ce9f2,60e8626b4c9be9001b1ce9f2,user,/v1/users/60e8626b4c9be9001b1ce9f2,6435ee247314d91eec221859,work_item_revision,60e8626b4c9be9001b1ce9f2,user,/v1/users/60e8626b4c9be9001b1ce9f2,5fedee827daf2cfe1a83e9ce,org,/v1/orgs/5fedee827daf2cfe1a83e9ce,605103bbf170c200128d6a2f,queue,/v1/routing/queues/605103bbf170c200128d6a2f,6435ee22d9e9383d6aae82eb,conversation,60e8626b4c9be9001b1ce9f2,user,/v1/users/60e8626b4c9be9001b1ce9f2,6436a4b816e31c4f4bc0bce5,work_session,/v1/routing/work-sessions/6436a4b816e31c4f4bc0bce5,605104b760af5c00127332af,queue-rule,/v1/routing/queue-rules/605104b760af5c00127332af,6112a88d43eabc00121c3cfc,team,/v1/teams/6112a88d43eabc00121c3cfc,6436a4b816e31c4f4bc0bce5,work_session,/v1/routing/work-sessions/6436a4b816e31c4f4bc0bce5
52,6436a80423421390aa0685e3,work_item,email,2023-04-12T12:46:02.268Z,2023-04-12T12:45:56.282Z,2023-04-12T12:45:56.282Z,False,1,2023-04-12T12:45:56.304Z,False,1,0,2023-04-12T12:45:41.276Z,out,,,,6,conversation,2,,completed,2023-04-12T12:46:02.268Z,1,/v1/routing/work-items/6436a80423421390aa0685e3,,,,,0,2023-04-12T12:46:02.268Z,5986,,,2023-04-12T12:45:56.282Z,2023-04-12T12:45:56.282Z,,,,6436a7f5a77c36f125a086e6,,3,open,,60e8626b4c9be9001b1ce9f2,user,/v1/users/60e8626b4c9be9001b1ce9f2,60e8626b4c9be9001b1ce9f2,user,/v1/users/60e8626b4c9be9001b1ce9f2,6436a80423421327f70685e4,work_item_revision,,,,5fedee827daf2cfe1a83e9ce,org,/v1/orgs/5fedee827daf2cfe1a83e9ce,605103bbf170c200128d6a2f,queue,/v1/routing/queues/605103bbf170c200128d6a2f,6436a7f5a77c36f125a086e6,conversation,,,,,,,,,,6112a88d43eabc00121c3cfc,team,/v1/teams/6112a88d43eabc00121c3cfc,6436a4b816e31c4f4bc0bce5,work_session,/v1/routing/work-sessions/6436a4b816e31c4f4bc0bce5
53,642db0b97e9f1c1e5f5d7011,work_item,email,2023-04-12T12:45:54.195Z,2023-04-05T17:32:41.765Z,,False,1,2023-04-05T17:32:41.794Z,False,1,0,2023-04-05T17:30:19.092Z,out,,,,11,conversation,6,,completed,2023-04-12T12:45:54.195Z,1,/v1/routing/work-items/642db0b97e9f1c1e5f5d7011,,,,,181680000,2023-04-12T12:45:54.195Z,587592430,,,2023-04-05T17:32:41.765Z,,,,,642db02b9c1d49e12ab83b1a,,3,snoozed,,5ffde0706636fa24aea5e3f7,user,/v1/users/5ffde0706636fa24aea5e3f7,5ffde0706636fa24aea5e3f7,user,/v1/users/5ffde0706636fa24aea5e3f7,642db0b97e9f1c26325d7012,work_item_revision,,,,5fedee827daf2cfe1a83e9ce,org,/v1/orgs/5fedee827daf2cfe1a83e9ce,,,,642db02b9c1d49e12ab83b1a,conversation,,,,,,,,,,6019bc0fcdf3b5fc167e6fc4,team,/v1/teams/6019bc0fcdf3b5fc167e6fc4,64369ad61592c91b1db2f757,work_session,/v1/routing/work-sessions/64369ad61592c91b1db2f757
54,642dae20a1ff00d0883a39cb,work_item,email,2023-04-12T12:42:19.984Z,2023-04-05T17:21:36.160Z,,False,1,2023-04-05T17:21:36.170Z,False,1,0,2023-04-05T17:19:24.872Z,out,,,,10,conversation,6,,completed,2023-04-12T12:42:19.984Z,1,/v1/routing/work-items/642dae20a1ff00d0883a39cb,,,,,182340000,2023-04-12T12:42:19.984Z,588043824,,,2023-04-05T17:21:36.160Z,,,,,642dad9c91984b5777806d54,,3,snoozed,,5ffde0706636fa24aea5e3f7,user,/v1/users/5ffde0706636fa24aea5e3f7,5ffde0706636fa24aea5e3f7,user,/v1/users/5ffde0706636fa24aea5e3f7,642dae20a1ff00a05d3a39cc,work_item_revision,,,,5fedee827daf2cfe1a83e9ce,org,/v1/orgs/5fedee827daf2cfe1a83e9ce,,,,642dad9c91984b5777806d54,conversation,,,,,,,,,,6019bc0fcdf3b5fc167e6fc4,team,/v1/teams/6019bc0fcdf3b5fc167e6fc4,64369ad61592c91b1db2f757,work_session,/v1/routing/work-sessions/64369ad61592c91b1db2f757
55,6435d812b90daf5ccdc1319c,work_item,email,2023-04-12T12:41:45.318Z,2023-04-11T21:58:42.116Z,2023-04-11T21:58:42.116Z,False,1,2023-04-11T21:58:42.129Z,False,1,0,2023-04-07T11:47:52.152Z,in,,,,21,conversation,2,,completed,2023-04-12T12:41:45.318Z,4,/v1/routing/work-items/6435d812b90daf5ccdc1319c,,,,,7320000,2023-04-12T12:41:45.318Z,52983202,,,2023-04-11T21:58:42.116Z,2023-04-11T21:58:42.116Z,,,,643002e840e5ae160f4283cf,2023-04-11T21:57:58.000Z,2,open,,60ba3d2c966c7b00194d2847,user,/v1/users/60ba3d2c966c7b00194d2847,60ba3d2c966c7b00194d2847,user,/v1/users/60ba3d2c966c7b00194d2847,6435d812b90daf25f1c1319d,work_item_revision,,,,5fedee827daf2cfe1a83e9ce,org,/v1/orgs/5fedee827daf2cfe1a83e9ce,6060d7bf22a76a001a410c46,queue,/v1/routing/queues/6060d7bf22a76a001a410c46,643002e840e5ae160f4283cf,conversation,,,,,,,,,,6112a88d43eabc00121c3cfc,team,/v1/teams/6112a88d43eabc00121c3cfc,,,
56,6435e5a9afd3b590c75dd2b0,work_item,email,2023-04-12T12:40:25.440Z,2023-04-11T22:56:41.705Z,2023-04-11T22:56:41.705Z,False,1,2023-04-11T22:56:41.714Z,False,1,0,2023-03-23T02:47:34.538Z,in,,,,44,conversation,3,,completed,2023-04-12T12:40:25.440Z,5,/v1/routing/work-items/6435e5a9afd3b590c75dd2b0,,,,,3840000,2023-04-12T12:40:25.440Z,49423735,,,2023-04-11T22:56:41.705Z,2023-04-11T22:56:41.705Z,,,,641bbdc62cba8558e8912c16,2023-04-11T22:56:26.000Z,2,open,,60a81854066183001a71a4b6,user,/v1/users/60a81854066183001a71a4b6,60a81854066183001a71a4b6,user,/v1/users/60a81854066183001a71a4b6,6435e5a9afd3b5554b5dd2b1,work_item_revision,,,,5fedee827daf2cfe1a83e9ce,org,/v1/orgs/5fedee827daf2cfe1a83e9ce,605103bbf170c200128d6a2f,queue,/v1/routing/queues/605103bbf170c200128d6a2f,641bbdc62cba8558e8912c16,conversation,,,,,,,,,,6112a88d43eabc00121c3cfc,team,/v1/teams/6112a88d43eabc00121c3cfc,6436a4d4caa07473e3093a73,work_session,/v1/routing/work-sessions/6436a4d4caa07473e3093a73
57,6436a5fa5e463cf798191480,work_item,,2023-04-12T12:39:57.112Z,2023-04-12T12:37:14.179Z,2023-04-12T12:37:14.179Z,False,1,2023-04-12T12:37:14.190Z,False,1,1,2023-04-12T12:36:59.044Z,out,,,,6,conversation,3,,completed,2023-04-12T12:39:57.112Z,1,/v1/routing/work-items/6436a5fa5e463cf798191480,,,,,0,2023-04-12T12:39:57.112Z,159511,,,2023-04-12T12:37:17.601Z,2023-04-12T12:37:14.179Z,0.0,3422.0,,6436a5eb8776af6a7e45384e,,3,open,,60ba3d2c966c7b00194d2847,user,/v1/users/60ba3d2c966c7b00194d2847,60ba3d2c966c7b00194d2847,user,/v1/users/60ba3d2c966c7b00194d2847,6436a5fa5e463c290b191481,work_item_revision,,,,5fedee827daf2cfe1a83e9ce,org,/v1/orgs/5fedee827daf2cfe1a83e9ce,605103bbf170c200128d6a2f,queue,/v1/routing/queues/605103bbf170c200128d6a2f,6436a5eb8776af6a7e45384e,conversation,,,,,,,,,,,,,,,
58,6435dfa3a6b9bbb8eed08019,work_item,voice,2023-04-12T12:39:32.129Z,2023-04-11T22:30:59.176Z,2023-04-11T22:30:59.510Z,False,1,2023-04-11T22:30:59.182Z,False,5,1,2023-04-11T22:30:57.918Z,in,,1592.0,,13,conversation,4,,completed,2023-04-12T12:39:32.129Z,1,/v1/routing/work-items/6435dfa3a6b9bbb8eed08019,,,,,5280000,2023-04-12T12:39:32.129Z,50849372,0.0,0.0,2023-04-11T22:32:02.757Z,2023-04-11T22:30:59.510Z,63247.0,63247.0,,6435dfa15ccfb92f84c50dfd,2023-04-11T22:30:57.673Z,3,open,,63bc31ec970345b72dd44103,user,/v1/users/63bc31ec970345b72dd44103,63bc31ec970345b72dd44103,user,/v1/users/63bc31ec970345b72dd44103,6435dfa3a6b9bb4b86d0801a,work_item_revision,,,,5fedee827daf2cfe1a83e9ce,org,/v1/orgs/5fedee827daf2cfe1a83e9ce,603ac6f4bb376400199ae17f,queue,/v1/routing/queues/603ac6f4bb376400199ae17f,6435dfa15ccfb92f84c50dfd,conversation,,,,,,,603ac6a0c21eac001a097fea,queue-rule,/v1/routing/queue-rules/603ac6a0c21eac001a097fea,5ffde0fa457cefe8874aa6eb,team,/v1/teams/5ffde0fa457cefe8874aa6eb,,,
59,64361aa87d377a418b012b5d,work_item,email,2023-04-12T12:39:26.034Z,2023-04-12T02:42:48.505Z,2023-04-12T02:42:48.810Z,False,1,2023-04-12T02:42:48.510Z,False,1,1,2023-04-12T02:42:47.282Z,in,,1528.0,,12,conversation,5,,completed,2023-04-12T12:39:26.034Z,1,/v1/routing/work-items/64361aa87d377a418b012b5d,0.0,2023-04-12T12:39:22.553Z,6436a6714964ce7cccf14593,76352.0,0,2023-04-12T12:39:26.034Z,79833,0.0,0.0,2023-04-12T12:38:06.201Z,2023-04-12T02:42:48.810Z,0.0,35717391.0,,64361aa712e4302915f2abdb,2023-04-12T02:42:47.391Z,2,open,,60e8626b4c9be9001b1ce9f2,user,/v1/users/60e8626b4c9be9001b1ce9f2,60e8626b4c9be9001b1ce9f2,user,/v1/users/60e8626b4c9be9001b1ce9f2,64361aa87d377af08e012b5e,work_item_revision,,,,5fedee827daf2cfe1a83e9ce,org,/v1/orgs/5fedee827daf2cfe1a83e9ce,605103bbf170c200128d6a2f,queue,/v1/routing/queues/605103bbf170c200128d6a2f,64361aa712e4302915f2abdb,conversation,,,,,,,605104b760af5c00127332af,queue-rule,/v1/routing/queue-rules/605104b760af5c00127332af,6112a88d43eabc00121c3cfc,team,/v1/teams/6112a88d43eabc00121c3cfc,6436a4b816e31c4f4bc0bce5,work_session,/v1/routing/work-sessions/6436a4b816e31c4f4bc0bce5
60,6436a6610c4d1b1c1eb2a30a,work_item,email,2023-04-12T12:39:01.106Z,2023-04-12T12:38:56.989Z,2023-04-12T12:38:56.989Z,False,1,2023-04-12T12:38:57.033Z,False,1,0,2023-04-12T12:38:42.441Z,out,,,,6,conversation,2,,completed,2023-04-12T12:39:01.106Z,1,/v1/routing/work-items/6436a6610c4d1b1c1eb2a30a,,,,,0,2023-04-12T12:39:01.106Z,4117,,,2023-04-12T12:38:56.989Z,2023-04-12T12:38:56.989Z,,,,6436a652d7dd6e0d314bde82,,3,open,,60e8626b4c9be9001b1ce9f2,user,/v1/users/60e8626b4c9be9001b1ce9f2,60e8626b4c9be9001b1ce9f2,user,/v1/users/60e8626b4c9be9001b1ce9f2,6436a6610c4d1b67d5b2a30b,work_item_revision,,,,5fedee827daf2cfe1a83e9ce,org,/v1/orgs/5fedee827daf2cfe1a83e9ce,605103bbf170c200128d6a2f,queue,/v1/routing/queues/605103bbf170c200128d6a2f,6436a652d7dd6e0d314bde82,conversation,,,,,,,,,,6112a88d43eabc00121c3cfc,team,/v1/teams/6112a88d43eabc00121c3cfc,6436a4b816e31c4f4bc0bce5,work_session,/v1/routing/work-sessions/6436a4b816e31c4f4bc0bce5
61,6435e661163e2c7cc530e3ea,work_item,form,2023-04-12T12:37:56.896Z,2023-04-11T22:59:45.238Z,2023-04-11T22:59:45.238Z,False,1,2023-04-11T22:59:45.253Z,False,1,0,2023-04-11T19:50:26.652Z,in,,,,18,conversation,3,,completed,2023-04-12T12:37:56.896Z,2,/v1/routing/work-items/6435e661163e2c7cc530e3ea,,,,,3660000,2023-04-12T12:37:56.896Z,49091658,,,2023-04-11T22:59:45.238Z,2023-04-11T22:59:45.238Z,,,,6435ba02f7077222c4fffc5f,2023-04-11T22:59:29.000Z,3,open,,60a81854066183001a71a4b6,user,/v1/users/60a81854066183001a71a4b6,60a81854066183001a71a4b6,user,/v1/users/60a81854066183001a71a4b6,6435e661163e2c038e30e3eb,work_item_revision,,,,5fedee827daf2cfe1a83e9ce,org,/v1/orgs/5fedee827daf2cfe1a83e9ce,61f963c79cbd8a00bb1bd5a3,queue,/v1/routing/queues/61f963c79cbd8a00bb1bd5a3,6435ba02f7077222c4fffc5f,conversation,,,,,,,,,,6112a88d43eabc00121c3cfc,team,/v1/teams/6112a88d43eabc00121c3cfc,6436a4d4caa07473e3093a73,work_session,/v1/routing/work-sessions/6436a4d4caa07473e3093a73
62,6435ec01a446110b84c7963c,work_item,email,2023-04-12T12:37:49.371Z,2023-04-11T23:23:45.766Z,2023-04-11T23:23:45.998Z,False,1,2023-04-11T23:23:45.772Z,False,1,1,2023-04-11T23:23:44.557Z,in,,1441.0,,12,conversation,5,,completed,2023-04-12T12:37:49.371Z,1,/v1/routing/work-items/6435ec01a446110b84c7963c,0.0,2023-04-12T12:36:26.363Z,6436a5bf8803a94ba8503f33,57301.0,0,2023-04-12T12:37:49.371Z,140309,0.0,0.0,2023-04-12T12:35:29.062Z,2023-04-11T23:23:45.998Z,2220000.0,47503064.0,,6435ec0021debbc342bd7f18,2023-04-11T23:23:44.637Z,2,open,,60e8626b4c9be9001b1ce9f2,user,/v1/users/60e8626b4c9be9001b1ce9f2,60e8626b4c9be9001b1ce9f2,user,/v1/users/60e8626b4c9be9001b1ce9f2,6435ec01a4461143aec7963d,work_item_revision,,,,5fedee827daf2cfe1a83e9ce,org,/v1/orgs/5fedee827daf2cfe1a83e9ce,605103bbf170c200128d6a2f,queue,/v1/routing/queues/605103bbf170c200128d6a2f,6435ec0021debbc342bd7f18,conversation,,,,,,,605104b760af5c00127332af,queue-rule,/v1/routing/queue-rules/605104b760af5c00127332af,6112a88d43eabc00121c3cfc,team,/v1/teams/6112a88d43eabc00121c3cfc,6436a4b816e31c4f4bc0bce5,work_session,/v1/routing/work-sessions/6436a4b816e31c4f4bc0bce5
63,6436a6035e463c6f2e19151d,work_item,email,2023-04-12T12:37:28.258Z,2023-04-12T12:37:23.004Z,2023-04-12T12:37:23.004Z,False,1,2023-04-12T12:37:23.016Z,False,1,0,2023-04-12T12:36:49.707Z,out,,,,6,conversation,2,,completed,2023-04-12T12:37:28.258Z,1,/v1/routing/work-items/6436a6035e463c6f2e19151d,,,,,0,2023-04-12T12:37:28.258Z,5254,,,2023-04-12T12:37:23.004Z,2023-04-12T12:37:23.004Z,,,,6436a5e10be0cf1a9d68312d,,3,open,,60e8626b4c9be9001b1ce9f2,user,/v1/users/60e8626b4c9be9001b1ce9f2,60e8626b4c9be9001b1ce9f2,user,/v1/users/60e8626b4c9be9001b1ce9f2,6436a6035e463c8f5119151e,work_item_revision,,,,5fedee827daf2cfe1a83e9ce,org,/v1/orgs/5fedee827daf2cfe1a83e9ce,605103bbf170c200128d6a2f,queue,/v1/routing/queues/605103bbf170c200128d6a2f,6436a5e10be0cf1a9d68312d,conversation,,,,,,,,,,6112a88d43eabc00121c3cfc,team,/v1/teams/6112a88d43eabc00121c3cfc,6436a4b816e31c4f4bc0bce5,work_session,/v1/routing/work-sessions/6436a4b816e31c4f4bc0bce5
64,642dacc624b8af2a1111e79f,work_item,email,2023-04-12T12:32:28.790Z,2023-04-05T17:15:50.240Z,,False,1,2023-04-05T17:15:50.256Z,False,1,0,2023-04-05T17:13:36.795Z,out,,,,10,conversation,6,,completed,2023-04-12T12:32:28.790Z,1,/v1/routing/work-items/642dacc624b8af2a1111e79f,,,,,182700000,2023-04-12T12:32:28.790Z,587798550,,,2023-04-05T17:15:50.240Z,,,,,642dac40d39e11fe2c28b86b,,3,snoozed,,5ffde0706636fa24aea5e3f7,user,/v1/users/5ffde0706636fa24aea5e3f7,5ffde0706636fa24aea5e3f7,user,/v1/users/5ffde0706636fa24aea5e3f7,642dacc624b8af79e811e7a0,work_item_revision,,,,5fedee827daf2cfe1a83e9ce,org,/v1/orgs/5fedee827daf2cfe1a83e9ce,,,,642dac40d39e11fe2c28b86b,conversation,,,,,,,,,,6019bc0fcdf3b5fc167e6fc4,team,/v1/teams/6019bc0fcdf3b5fc167e6fc4,64369ad61592c91b1db2f757,work_session,/v1/routing/work-sessions/64369ad61592c91b1db2f757
65,6435742a216961db2ab6e4c2,work_item,email,2023-04-12T12:20:58.794Z,2023-04-11T14:52:26.054Z,,False,1,2023-04-11T14:52:26.068Z,False,1,0,2022-08-10T14:03:49.268Z,out,,,,20,conversation,5,,completed,2023-04-12T12:20:58.794Z,1,/v1/routing/work-items/6435742a216961db2ab6e4c2,,,,,32880000,2023-04-12T12:20:58.794Z,77312740,,,2023-04-11T14:52:26.054Z,,,,,62f3bac5644c3c94a5bdb2c5,2023-04-11T14:52:19.000Z,3,open,2023-04-12T15:52:19.000Z,5ffde0706636fa24aea5e3f7,user,/v1/users/5ffde0706636fa24aea5e3f7,5ffde0706636fa24aea5e3f7,user,/v1/users/5ffde0706636fa24aea5e3f7,6435742a21696128b0b6e4c3,work_item_revision,,,,5fedee827daf2cfe1a83e9ce,org,/v1/orgs/5fedee827daf2cfe1a83e9ce,,,,62f3bac5644c3c94a5bdb2c5,conversation,,,,,,,,,,6019bc0fcdf3b5fc167e6fc4,team,/v1/teams/6019bc0fcdf3b5fc167e6fc4,64369ad61592c91b1db2f757,work_session,/v1/routing/work-sessions/64369ad61592c91b1db2f757
